ADM0_PCODE,alpha_3,ADM0_REF,ADM_LEVEL,ADM_PCODE,ADM_REF,ADM1_PCODE,ADM1_REF,ADM2_PCODE,ADM2_REF,Population
AF,AFG,Afghanistan,1,AF01,Kabul,AF01,Kabul,,,6700513
AF,AFG,Afghanistan,1,AF02,Kapisa,AF02,Kapisa,,,628640
AF,AFG,Afghanistan,1,AF03,Parwan,AF03,Parwan,,,949720
AF,AFG,Afghanistan,1,AF04,Maidan Wardak,AF04,Maidan Wardak,,,850022
AF,AFG,Afghanistan,1,AF05,Logar,AF05,Logar,,,559218
AF,AFG,Afghanistan,1,AF06,Nangarhar,AF06,Nangarhar,,,2190770
AF,AFG,Afghanistan,1,AF07,Laghman,AF07,Laghman,,,635317
AF,AFG,Afghanistan,1,AF08,Panjsher,AF08,Panjsher,,,218763
AF,AFG,Afghanistan,1,AF09,Baghlan,AF09,Baghlan,,,1306244
AF,AFG,Afghanistan,1,AF10,Bamyan,AF10,Bamyan,,,637981
AF,AFG,Afghanistan,1,AF11,Ghazni,AF11,Ghazni,,,1754091
AF,AFG,Afghanistan,1,AF12,Paktika,AF12,Paktika,,,998380
AF,AFG,Afghanistan,1,AF13,Paktya,AF13,Paktya,,,787830
AF,AFG,Afghanistan,1,AF14,Khost,AF14,Khost,,,819460
AF,AFG,Afghanistan,1,AF15,Kunar,AF15,Kunar,,,642918
AF,AFG,Afghanistan,1,AF16,Nuristan,AF16,Nuristan,,,210895
AF,AFG,Afghanistan,1,AF17,Badakhshan,AF17,Badakhshan,,,1357036
AF,AFG,Afghanistan,1,AF18,Takhar,AF18,Takhar,,,1407252
AF,AFG,Afghanistan,1,AF19,Kunduz,AF19,Kunduz,,,1463366
AF,AFG,Afghanistan,1,AF20,Samangan,AF20,Samangan,,,554212
AF,AFG,Afghanistan,1,AF21,Balkh,AF21,Balkh,,,1942929
AF,AFG,Afghanistan,1,AF22,Sar E Pul,AF22,Sar E Pul,,,799485
AF,AFG,Afghanistan,1,AF23,Ghor,AF23,Ghor,,,984180
AF,AFG,Afghanistan,1,AF24,Daykundi,AF24,Daykundi,,,664950
AF,AFG,Afghanistan,1,AF25,Uruzgan,AF25,Uruzgan,,,561410
AF,AFG,Afghanistan,1,AF26,Zabul,AF26,Zabul,,,494812
AF,AFG,Afghanistan,1,AF27,Kandahar,AF27,Kandahar,,,1801846
AF,AFG,Afghanistan,1,AF28,Jawzjan,AF28,Jawzjan,,,775125
AF,AFG,Afghanistan,1,AF29,Faryab,AF29,Faryab,,,1428019
AF,AFG,Afghanistan,1,AF30,Hilmand,AF30,Hilmand,,,1861887
AF,AFG,Afghanistan,1,AF31,Badghis,AF31,Badghis,,,707535
AF,AFG,Afghanistan,1,AF32,Hirat,AF32,Hirat,,,2755910
AF,AFG,Afghanistan,1,AF33,Farah,AF33,Farah,,,724844
AF,AFG,Afghanistan,1,AF34,Nimroz,AF34,Nimroz,,,236309
AO,AGO,Angola,1,AO01,Bengo,AO01,Bengo,,,429322
AO,AGO,Angola,1,AO02,Benguela,AO02,Benguela,,,2477595
AO,AGO,Angola,1,AO03,Bie,AO03,Bie,,,1654744
AO,AGO,Angola,1,AO04,Cabinda,AO04,Cabinda,,,801374
AO,AGO,Angola,1,AO05,Cuando Cubango,AO05,Cuando Cubango,,,854258
AO,AGO,Angola,1,AO06,Cuanza Norte,AO06,Cuanza Norte,,,495810
AO,AGO,Angola,1,AO07,Cuanza Sul,AO07,Cuanza Sul,,,2109999
AO,AGO,Angola,1,AO08,Cunene,AO08,Cunene,,,1121748
AO,AGO,Angola,1,AO09,Huila,AO09,Huila,,,2819253
AO,AGO,Angola,1,AO10,Huambo,AO10,Huambo,,,2309829
AO,AGO,Angola,1,AO11,Luanda,AO11,Luanda,,,7976907
AO,AGO,Angola,1,AO12,Lunda Norte,AO12,Lunda Norte,,,972183
AO,AGO,Angola,1,AO13,Lunda Sul,AO13,Lunda Sul,,,609851
AO,AGO,Angola,1,AO14,Malanje,AO14,Malanje,,,1108264
AO,AGO,Angola,1,AO15,Moxico,AO15,Moxico,,,601454
AO,AGO,Angola,1,AO16,Namibe,AO16,Namibe,,,568722
AO,AGO,Angola,1,AO17,Uige,AO17,Uige,,,1662047
AO,AGO,Angola,1,AO18,Zaire,AO18,Zaire,,,676649
AR,ARG,Argentina,1,AR002,Ciudad Autonoma De Buenos Aires,AR002,Ciudad Autonoma De Buenos Aires,,,1067810
AR,ARG,Argentina,1,AR006,Buenos Aires,AR006,Buenos Aires,,,2890151
AR,ARG,Argentina,1,AR010,Catamarca,AR010,Catamarca,,,16305634
AR,ARG,Argentina,1,AR014,Cordoba,AR014,Cordoba,,,1001079
AR,ARG,Argentina,1,AR018,Corrientes,AR018,Corrientes,,,626456
AR,ARG,Argentina,1,AR022,Chaco,AR022,Chaco,,,394214
AR,ARG,Argentina,1,AR026,Chubut,AR026,Chubut,,,3432786
AR,ARG,Argentina,1,AR030,Entre Rios,AR030,Entre Rios,,,1235994
AR,ARG,Argentina,1,AR034,Formosa,AR034,Formosa,,,530162
AR,ARG,Argentina,1,AR038,Jujuy,AR038,Jujuy,,,598270
AR,ARG,Argentina,1,AR042,La Pampa,AR042,La Pampa,,,318951
AR,ARG,Argentina,1,AR046,La Rioja,AR046,La Rioja,,,331215
AR,ARG,Argentina,1,AR050,Mendoza,AR050,Mendoza,,,1508228
AR,ARG,Argentina,1,AR054,Misiones,AR054,Misiones,,,1080687
AR,ARG,Argentina,1,AR058,Neuquen,AR058,Neuquen,,,544032
AR,ARG,Argentina,1,AR062,Rio Negro,AR062,Rio Negro,,,260046
AR,ARG,Argentina,1,AR066,Salta,AR066,Salta,,,1160199
AR,ARG,Argentina,1,AR070,San Juan,AR070,San Juan,,,566687
AR,ARG,Argentina,1,AR074,San Luis,AR074,San Luis,,,392479
AR,ARG,Argentina,1,AR078,Santa Cruz,AR078,Santa Cruz,,,273964
AR,ARG,Argentina,1,AR082,Santa Fe,AR082,Santa Fe,,,3194537
AR,ARG,Argentina,1,AR086,Santiago Del Estero,AR086,Santiago Del Estero,,,828122
AR,ARG,Argentina,1,AR090,Tucuman,AR090,Tucuman,,,126998
AR,ARG,Argentina,1,AR094,Tierra Del Fuego,AR094,Tierra Del Fuego,,,1448188
BI,BDI,Burundi,1,BDI001,Bubanza,BDI001,Bubanza,,,534610
BI,BDI,Burundi,1,BDI002,Bujumbura Rural,BDI002,Bujumbura Rural,,,767502
BI,BDI,Burundi,1,BDI003,Bururi,BDI003,Bururi,,,475721
BI,BDI,Burundi,1,BDI004,Cankuzo,BDI004,Cankuzo,,,381619
BI,BDI,Burundi,1,BDI005,Cibitoke,BDI005,Cibitoke,,,774119
BI,BDI,Burundi,1,BDI006,Gitega,BDI006,Gitega,,,1031442
BI,BDI,Burundi,1,BDI007,Karuzi,BDI007,Karuzi,,,677498
BI,BDI,Burundi,1,BDI008,Kayanza,BDI008,Kayanza,,,845909
BI,BDI,Burundi,1,BDI009,Kirundo,BDI009,Kirundo,,,1020556
BI,BDI,Burundi,1,BDI010,Makamba,BDI010,Makamba,,,774625
BI,BDI,Burundi,1,BDI011,Muramvya,BDI011,Muramvya,,,411767
BI,BDI,Burundi,1,BDI012,Muyinga,BDI012,Muyinga,,,1077788
BI,BDI,Burundi,1,BDI013,Mwaro,BDI013,Mwaro,,,388201
BI,BDI,Burundi,1,BDI014,Ngozi,BDI014,Ngozi,,,981711
BI,BDI,Burundi,1,BDI015,Rutana,BDI015,Rutana,,,582128
BI,BDI,Burundi,1,BDI016,Ruyigi,BDI016,Ruyigi,,,680583
BI,BDI,Burundi,1,BDI017,Bujumbura Mairie,BDI017,Bujumbura Mairie,,,1059074
BI,BDI,Burundi,1,BDI018,Rumonge,BDI018,Rumonge,,,577088
BJ,BEN,Benin,1,BJ01,Alibori,BJ01,Alibori,,,1030006
BJ,BEN,Benin,1,BJ02,Atacora,BJ02,Atacora,,,917249
BJ,BEN,Benin,1,BJ03,Atlantique,BJ03,Atlantique,,,1660218
BJ,BEN,Benin,1,BJ04,Borgou,BJ04,Borgou,,,1441772
BJ,BEN,Benin,1,BJ05,Collines,BJ05,Collines,,,851916
BJ,BEN,Benin,1,BJ06,Couffo,BJ06,Couffo,,,884983
BJ,BEN,Benin,1,BJ07,Donga,BJ07,Donga,,,644902
BJ,BEN,Benin,1,BJ08,Littoral,BJ08,Littoral,,,806243
BJ,BEN,Benin,1,BJ09,Mono,BJ09,Mono,,,590406
BJ,BEN,Benin,1,BJ10,Oueme,BJ10,Oueme,,,1279807
BJ,BEN,Benin,1,BJ11,Plateau,BJ11,Plateau,,,738988
BJ,BEN,Benin,1,BJ12,Zou,BJ12,Zou,,,1011140
BF,BFA,Burkina Faso,1,BF13,Centre,BF13,Centre,,,2966307
BF,BFA,Burkina Faso,1,BF46,Boucle du Mouhoun,BF46,Boucle du Mouhoun,,,2030595
BF,BFA,Burkina Faso,1,BF47,Cascades,BF47,Cascades,,,851276
BF,BFA,Burkina Faso,1,BF48,Centre-Est,BF48,Centre-Est,,,1655846
BF,BFA,Burkina Faso,1,BF49,Centre-Nord,BF49,Centre-Nord,,,1736152
BF,BFA,Burkina Faso,1,BF50,Centre-Ouest,BF50,Centre-Ouest,,,1689721
BF,BFA,Burkina Faso,1,BF51,Centre-Sud,BF51,Centre-Sud,,,1197207
BF,BFA,Burkina Faso,1,BF52,Est,BF52,Est,,,1834166
BF,BFA,Burkina Faso,1,BF53,Hauts-Bassins,BF53,Hauts-Bassins,,,2190829
BF,BFA,Burkina Faso,1,BF54,Nord,BF54,Nord,,,1677542
BF,BFA,Burkina Faso,1,BF55,Plateau-Central,BF55,Plateau-Central,,,975568
BF,BFA,Burkina Faso,1,BF56,Sahel,BF56,Sahel,,,1437848
BF,BFA,Burkina Faso,1,BF57,Sud-Ouest,BF57,Sud-Ouest,,,891529
BD,BGD,Bangladesh,1,10,Barisal,10,Barisal,,,8325666
BD,BGD,Bangladesh,1,20,Chittagong,20,Chittagong,,,28423019
BD,BGD,Bangladesh,1,30,Dhaka,30,Dhaka,,,36433505
BD,BGD,Bangladesh,1,40,Khulna,40,Khulna,,,15687759
BD,BGD,Bangladesh,1,45,Mymensingh,45,Mymensingh,,,10990913
BD,BGD,Bangladesh,1,50,Rajshahi,50,Rajshahi,,,18484858
BD,BGD,Bangladesh,1,55,Rangpur,55,Rangpur,,,15787758
BD,BGD,Bangladesh,1,60,Sylhet,60,Sylhet,,,9910219
BO,BOL,Bolivia (Plurinational State of),1,BO01,Beni,BO01,Beni,,,422008
BO,BOL,Bolivia (Plurinational State of),1,BO02,Chuquisaca,BO02,Chuquisaca,,,581347
BO,BOL,Bolivia (Plurinational State of),1,BO03,Cochabamba,BO03,Cochabamba,,,1762761
BO,BOL,Bolivia (Plurinational State of),1,BO04,La Paz,BO04,La Paz,,,2719344
BO,BOL,Bolivia (Plurinational State of),1,BO05,Oruro,BO05,Oruro,,,494587
BO,BOL,Bolivia (Plurinational State of),1,BO06,Pando,BO06,Pando,,,110436
BO,BOL,Bolivia (Plurinational State of),1,BO07,Potosi,BO07,Potosi,,,828093
BO,BOL,Bolivia (Plurinational State of),1,BO08,Santa Cruz,BO08,Santa Cruz,,,2657762
BO,BOL,Bolivia (Plurinational State of),1,BO09,Tarija,BO09,Tarija,,,483518
BR,BRA,Brazil,1,BR11,Rondonia,BR11,Rondonia,,,1796460
BR,BRA,Brazil,1,BR12,Acre,BR12,Acre,,,894470
BR,BRA,Brazil,1,BR13,Amazonas,BR13,Amazonas,,,4207714
BR,BRA,Brazil,1,BR14,Roraima,BR14,Roraima,,,631181
BR,BRA,Brazil,1,BR15,Para,BR15,Para,,,8690745
BR,BRA,Brazil,1,BR16,Amapa,BR16,Amapa,,,861773
BR,BRA,Brazil,1,BR17,Tocantins,BR17,Tocantins,,,1590248
BR,BRA,Brazil,1,BR21,Maranhao,BR21,Maranhao,,,7114598
BR,BRA,Brazil,1,BR22,Piaui,BR22,Piaui,,,3280697
BR,BRA,Brazil,1,BR23,Ceara,BR23,Ceara,,,9187886
BR,BRA,Brazil,1,BR24,Rio Grande Do Norte,BR24,Rio Grande Do Norte,,,3534165
BR,BRA,Brazil,1,BR25,Paraiba,BR25,Paraiba,,,4039277
BR,BRA,Brazil,1,BR26,Pernambuco,BR26,Pernambuco,,,9617072
BR,BRA,Brazil,1,BR27,Alagoas,BR27,Alagoas,,,3351092
BR,BRA,Brazil,1,BR28,Sergipe,BR28,Sergipe,,,2319032
BR,BRA,Brazil,1,BR29,Bahia,BR29,Bahia,,,14930424
BR,BRA,Brazil,1,BR31,Minas Gerais,BR31,Minas Gerais,,,21292666
BR,BRA,Brazil,1,BR32,Espirito Santo,BR32,Espirito Santo,,,4064052
BR,BRA,Brazil,1,BR33,Rio De Janeiro,BR33,Rio De Janeiro,,,17366189
BR,BRA,Brazil,1,BR35,Santa Catarina,BR35,Santa Catarina,,,46289333
BR,BRA,Brazil,1,BR41,Parana,BR41,Parana,,,11516840
BR,BRA,Brazil,1,BR42,Sao Paulo,BR42,Sao Paulo,,,7252502
BR,BRA,Brazil,1,BR43,Rio Grande Do Sul,BR43,Rio Grande Do Sul,,,11422973
BR,BRA,Brazil,1,BR50,Mato Grosso,BR50,Mato Grosso,,,2809394
BR,BRA,Brazil,1,BR51,Mato Grosso Do Sul,BR51,Mato Grosso Do Sul,,,3526220
BR,BRA,Brazil,1,BR52,Goias,BR52,Goias,,,7116143
BR,BRA,Brazil,1,BR53,Distrito Federal,BR53,Distrito Federal,,,3052546
CF,CAF,Central African Republic,1,CF11,Ombella M'Poko,CF11,Ombella M'Poko,,,448465
CF,CAF,Central African Republic,1,CF12,Lobaye,CF12,Lobaye,,,310366
CF,CAF,Central African Republic,1,CF21,Mambéré-Kadéï,CF21,Mambéré-Kadéï,,,458611
CF,CAF,Central African Republic,1,CF22,Nana-Mambéré,CF22,Nana-Mambéré,,,293758
CF,CAF,Central African Republic,1,CF23,Sangha-Mbaéré,CF23,Sangha-Mbaéré,,,127068
CF,CAF,Central African Republic,1,CF31,Ouham Pendé,CF31,Ouham Pendé,,,541220
CF,CAF,Central African Republic,1,CF32,Ouham,CF32,Ouham,,,464175
CF,CAF,Central African Republic,1,CF41,Kémo,CF41,Kémo,,,148874
CF,CAF,Central African Republic,1,CF42,Nana-Gribizi,CF42,Nana-Gribizi,,,148115
CF,CAF,Central African Republic,1,CF43,Ouaka,CF43,Ouaka,,,347873
CF,CAF,Central African Republic,1,CF51,Bamingui-Bangoran,CF51,Bamingui-Bangoran,,,54346
CF,CAF,Central African Republic,1,CF52,Haute-Kotto,CF52,Haute-Kotto,,,113543
CF,CAF,Central African Republic,1,CF53,Vakaga,CF53,Vakaga,,,65693
CF,CAF,Central African Republic,1,CF61,Basse-Kotto,CF61,Basse-Kotto,,,313224
CF,CAF,Central African Republic,1,CF62,Mbomou,CF62,Mbomou,,,206187
CF,CAF,Central African Republic,1,CF63,Haut-Mbomou,CF63,Haut-Mbomou,,,72416
CF,CAF,Central African Republic,1,CF71,Bangui,CF71,Bangui,,,839080
CL,CHL,Chile,1,CL01,Antofagasta,CL01,Antofagasta,,,607534
CL,CHL,Chile,1,CL02,Arica y Parinacota,CL02,Arica y Parinacota,,,226068
CL,CHL,Chile,1,CL03,Atacama,CL03,Atacama,,,286168
CL,CHL,Chile,1,CL04,Aysen Del General Carlos Ibanez Del Campo,CL04,Aysen Del General Carlos Ibanez Del Campo,,,103158
CL,CHL,Chile,1,CL05,Biobio,CL05,Biobio,,,1556805
CL,CHL,Chile,1,CL06,Coquimbo,CL06,Coquimbo,,,757586
CL,CHL,Chile,1,CL07,La Araucania,CL07,La Araucania,,,957224
CL,CHL,Chile,1,CL08,Libertador General Bernardo O'Higgins,CL08,Libertador General Bernardo O'Higgins,,,914555
CL,CHL,Chile,1,CL09,Los Lagos,CL09,Los Lagos,,,828708
CL,CHL,Chile,1,CL10,Los Rios,CL10,Los Rios,,,384837
CL,CHL,Chile,1,CL11,Magallanes Y De La Antartica Chilena,CL11,Magallanes Y De La Antartica Chilena,,,166533
CL,CHL,Chile,1,CL12,Maule,CL12,Maule,,,1044950
CL,CHL,Chile,1,CL13,Metropolitana De Santiago,CL13,Metropolitana De Santiago,,,7112808
CL,CHL,Chile,1,CL14,Nuble,CL14,Nuble,,,480609
CL,CHL,Chile,1,CL15,Tarapaca,CL15,Tarapaca,,,330558
CL,CHL,Chile,1,CL16,Valparaiso,CL16,Valparaiso,,,1815902
CM,CMR,Cameroon,1,CM001,Adamawa,CM001,Adamawa,,,884289
CM,CMR,Cameroon,1,CM002,Centre,CM002,Centre,,,3098044
CM,CMR,Cameroon,1,CM003,East,CM003,East,,,771755
CM,CMR,Cameroon,1,CM004,Far North,CM004,Far North,,,3111792
CM,CMR,Cameroon,1,CM005,Littoral,CM005,Littoral,,,2510283
CM,CMR,Cameroon,1,CM006,North,CM006,North,,,1687859
CM,CMR,Cameroon,1,CM007,North West,CM007,North West,,,1728953
CM,CMR,Cameroon,1,CM008,West,CM008,West,,,1720047
CM,CMR,Cameroon,1,CM009,South,CM009,South,,,634855
CM,CMR,Cameroon,1,CM010,South West,CM010,South West,,,1318079
CD,COD,Democratic Republic of the Congo,1,CD10,Kinshasa,CD10,Kinshasa,,,9924784
CD,COD,Democratic Republic of the Congo,1,CD20,Kongo-Central,CD20,Kongo-Central,,,4019147
CD,COD,Democratic Republic of the Congo,1,CD31,Kwango,CD31,Kwango,,,2507332
CD,COD,Democratic Republic of the Congo,1,CD32,Kwilu,CD32,Kwilu,,,5018175
CD,COD,Democratic Republic of the Congo,1,CD33,Maï-Ndombe,CD33,Maï-Ndombe,,,1926111
CD,COD,Democratic Republic of the Congo,1,CD41,Equateur,CD41,Equateur,,,2449130
CD,COD,Democratic Republic of the Congo,1,CD42,Sud-Ubangi,CD42,Sud-Ubangi,,,2872456
CD,COD,Democratic Republic of the Congo,1,CD43,Nord-Ubangi,CD43,Nord-Ubangi,,,1582171
CD,COD,Democratic Republic of the Congo,1,CD44,Mongala,CD44,Mongala,,,2522035
CD,COD,Democratic Republic of the Congo,1,CD45,Tshuapa,CD45,Tshuapa,,,2119892
CD,COD,Democratic Republic of the Congo,1,CD51,Tshopo,CD51,Tshopo,,,3159161
CD,COD,Democratic Republic of the Congo,1,CD52,Bas-Uele,CD52,Bas-Uele,,,1263826
CD,COD,Democratic Republic of the Congo,1,CD53,Haut-Uele,CD53,Haut-Uele,,,1826974
CD,COD,Democratic Republic of the Congo,1,CD54,Ituri,CD54,Ituri,,,5611925
CD,COD,Democratic Republic of the Congo,1,CD61,Nord-Kivu,CD61,Nord-Kivu,,,10240652
CD,COD,Democratic Republic of the Congo,1,CD62,Sud-Kivu,CD62,Sud-Kivu,,,7104949
CD,COD,Democratic Republic of the Congo,1,CD63,Maniema,CD63,Maniema,,,2636541
CD,COD,Democratic Republic of the Congo,1,CD71,Haut-Katanga,CD71,Haut-Katanga,,,6102542
CD,COD,Democratic Republic of the Congo,1,CD72,Lualaba,CD72,Lualaba,,,2344642
CD,COD,Democratic Republic of the Congo,1,CD73,Haut-Lomami,CD73,Haut-Lomami,,,4074329
CD,COD,Democratic Republic of the Congo,1,CD74,Tanganyika,CD74,Tanganyika,,,3158328
CD,COD,Democratic Republic of the Congo,1,CD81,Lomami,CD81,Lomami,,,3991994
CD,COD,Democratic Republic of the Congo,1,CD82,Kasaï-Oriental,CD82,Kasaï-Oriental,,,5413325
CD,COD,Democratic Republic of the Congo,1,CD83,Sankuru,CD83,Sankuru,,,2047529
CD,COD,Democratic Republic of the Congo,1,CD91,Kasaï-Central,CD91,Kasaï-Central,,,4788439
CD,COD,Democratic Republic of the Congo,1,CD92,Kasaï,CD92,Kasaï,,,4492960
CO,COL,Colombia,1,CO05,Antioquia,CO05,Antioquia,,,6887306
CO,COL,Colombia,1,CO08,Atlántico,CO08,Atlántico,,,2804025
CO,COL,Colombia,1,CO11,"Bogotá, D.C.",CO11,"Bogotá, D.C.",,,7901653
CO,COL,Colombia,1,CO13,Bolívar,CO13,Bolívar,,,2236603
CO,COL,Colombia,1,CO15,Boyacá,CO15,Boyacá,,,1259601
CO,COL,Colombia,1,CO17,Caldas,CO17,Caldas,,,1036455
CO,COL,Colombia,1,CO18,Caquetá,CO18,Caquetá,,,419275
CO,COL,Colombia,1,CO19,Cauca,CO19,Cauca,,,1516018
CO,COL,Colombia,1,CO20,Cesar,CO20,Cesar,,,1341697
CO,COL,Colombia,1,CO23,Córdoba,CO23,Córdoba,,,1856496
CO,COL,Colombia,1,CO25,Cundinamarca,CO25,Cundinamarca,,,3478323
CO,COL,Colombia,1,CO27,Chocó,CO27,Chocó,,,553519
CO,COL,Colombia,1,CO41,Huila,CO41,Huila,,,1140932
CO,COL,Colombia,1,CO44,La Guajira,CO44,La Guajira,,,1002394
CO,COL,Colombia,1,CO47,Magdalena,CO47,Magdalena,,,1463427
CO,COL,Colombia,1,CO50,Meta,CO50,Meta,,,1080706
CO,COL,Colombia,1,CO52,Nariño,CO52,Nariño,,,1629181
CO,COL,Colombia,1,CO54,Norte de Santander,CO54,Norte de Santander,,,1651278
CO,COL,Colombia,1,CO63,Quindio,CO63,Quindio,,,569569
CO,COL,Colombia,1,CO66,Risaralda,CO66,Risaralda,,,977829
CO,COL,Colombia,1,CO68,Santander,CO68,Santander,,,2324090
CO,COL,Colombia,1,CO70,Sucre,CO70,Sucre,,,972350
CO,COL,Colombia,1,CO73,Tolima,CO73,Tolima,,,1346935
CO,COL,Colombia,1,CO76,Valle del Cauca,CO76,Valle del Cauca,,,4589278
CO,COL,Colombia,1,CO81,Arauca,CO81,Arauca,,,304978
CO,COL,Colombia,1,CO85,Casanare,CO85,Casanare,,,442068
CO,COL,Colombia,1,CO86,Putumayo,CO86,Putumayo,,,369064
CO,COL,Colombia,1,CO88,"Archipiélago de San Andrés, Providencia y Santa Catalina",CO88,"Archipiélago de San Andrés, Providencia y Santa Catalina",,,65228
CO,COL,Colombia,1,CO91,Amazonas,CO91,Amazonas,,,82068
CO,COL,Colombia,1,CO94,Guainía,CO94,Guainía,,,52061
CO,COL,Colombia,1,CO95,Guaviare,CO95,Guaviare,,,90357
CO,COL,Colombia,1,CO97,Vaupés,CO97,Vaupés,,,48932
CO,COL,Colombia,1,CO99,Vichada,CO99,Vichada,,,115778
KM,COM,Comoros,1,KM1,Anjouan (Ndzouani),KM1,Anjouan (Ndzouani),,,327381
KM,COM,Comoros,1,KM2,Grande Comore (Ngazidja),KM2,Grande Comore (Ngazidja),,,379364
KM,COM,Comoros,1,KM3,Mohéli (Mwali),KM3,Mohéli (Mwali),,,51566
CR,CRI,Costa Rica,1,CR01,Alajuela,CR01,Alajuela,,,848146
CR,CRI,Costa Rica,1,CR02,Cartago,CR02,Cartago,,,490903
CR,CRI,Costa Rica,1,CR03,Guanacaste,CR03,Guanacaste,,,326953
CR,CRI,Costa Rica,1,CR04,Heredia,CR04,Heredia,,,433677
CR,CRI,Costa Rica,1,CR05,Limon,CR05,Limon,,,386862
CR,CRI,Costa Rica,1,CR06,Puntarenas,CR06,Puntarenas,,,410929
CR,CRI,Costa Rica,1,CR07,San Jose,CR07,San Jose,,,1404242
DJ,DJI,Djibouti,1,DJ01,Obock,DJ01,Obock,,,37856
DJ,DJI,Djibouti,1,DJ02,Tadjourah,DJ02,Tadjourah,,,86704
DJ,DJI,Djibouti,1,DJ03,Dilkhil,DJ03,Dilkhil,,,88948
DJ,DJI,Djibouti,1,DJ04,Djibouti,DJ04,Djibouti,,,475322
DJ,DJI,Djibouti,1,DJ05,Ali Sabeh,DJ05,Ali Sabeh,,,86949
DO,DOM,Dominican Republic,1,DO01,Region Cibao Nordeste,DO01,Region Cibao Nordeste,,,624186
DO,DOM,Dominican Republic,1,DO02,Region Cibao Noroeste,DO02,Region Cibao Noroeste,,,394068
DO,DOM,Dominican Republic,1,DO03,Region Cibao Norte,DO03,Region Cibao Norte,,,1516957
DO,DOM,Dominican Republic,1,DO04,Region Cibao Sur,DO04,Region Cibao Sur,,,710821
DO,DOM,Dominican Republic,1,DO05,Region El Valle,DO05,Region El Valle,,,295362
DO,DOM,Dominican Republic,1,DO06,Region Enriquillo,DO06,Region Enriquillo,,,368594
DO,DOM,Dominican Republic,1,DO07,Regionhiguamo,DO07,Regionhiguamo,,,561431
DO,DOM,Dominican Republic,1,DO08,Region Ozama,DO08,Region Ozama,,,3339410
DO,DOM,Dominican Republic,1,DO09,Region Valdesia,DO09,Region Valdesia,,,1028129
DO,DOM,Dominican Republic,1,DO10,Region Yuma,DO10,Region Yuma,,,606323
EC,ECU,Ecuador,1,EC01,Azuay,EC01,Azuay,,,712127
EC,ECU,Ecuador,1,EC02,Bolivar,EC02,Bolivar,,,183641
EC,ECU,Ecuador,1,EC03,Canar,EC03,Canar,,,225184
EC,ECU,Ecuador,1,EC04,Carchi,EC04,Carchi,,,164524
EC,ECU,Ecuador,1,EC05,Cotopaxi,EC05,Cotopaxi,,,409205
EC,ECU,Ecuador,1,EC06,Chimborazo,EC06,Chimborazo,,,458581
EC,ECU,Ecuador,1,EC07,El Oro,EC07,El Oro,,,600659
EC,ECU,Ecuador,1,EC08,Esmeraldas,EC08,Esmeraldas,,,534092
EC,ECU,Ecuador,1,EC09,Guayas,EC09,Guayas,,,3645483
EC,ECU,Ecuador,1,EC10,Imbabura,EC10,Imbabura,,,398244
EC,ECU,Ecuador,1,EC11,Loja,EC11,Loja,,,448966
EC,ECU,Ecuador,1,EC12,Los Rios,EC12,Los Rios,,,778115
EC,ECU,Ecuador,1,EC13,Manabi,EC13,Manabi,,,1369780
EC,ECU,Ecuador,1,EC14,Morona Santiago,EC14,Morona Santiago,,,147940
EC,ECU,Ecuador,1,EC15,Napo,EC15,Napo,,,103697
EC,ECU,Ecuador,1,EC16,Pastaza,EC16,Pastaza,,,83933
EC,ECU,Ecuador,1,EC17,Pichincha,EC17,Pichincha,,,2576287
EC,ECU,Ecuador,1,EC18,Tungurahua,EC18,Tungurahua,,,504583
EC,ECU,Ecuador,1,EC19,Zamora Chinchipe,EC19,Zamora Chinchipe,,,91376
EC,ECU,Ecuador,1,EC20,Galapagos,EC20,Galapagos,,,25124
EC,ECU,Ecuador,1,EC21,Sucumbios,EC21,Sucumbios,,,176472
EC,ECU,Ecuador,1,EC22,Orellana,EC22,Orellana,,,136396
EC,ECU,Ecuador,1,EC23,Santo Domingo De Los Tsachilas,EC23,Santo Domingo De Los Tsachilas,,,368013
EC,ECU,Ecuador,1,EC24,Santa Elena,EC24,Santa Elena,,,308693
EC,ECU,Ecuador,1,EC90,Zona No Delimitada,EC90,Zona No Delimitada,,,32384
EG,EGY,Egypt,1,EG01,Cairo,EG01,Cairo,,,8762503
EG,EGY,Egypt,1,EG02,Alexandria,EG02,Alexandria,,,4508685
EG,EGY,Egypt,1,EG03,Port Said,EG03,Port Said,,,628440
EG,EGY,Egypt,1,EG04,Suez,EG04,Suez,,,576279
EG,EGY,Egypt,1,EG11,Damietta,EG11,Damietta,,,1240184
EG,EGY,Egypt,1,EG12,Dakahlia,EG12,Dakahlia,,,5559698
EG,EGY,Egypt,1,EG13,Sharkia,EG13,Sharkia,,,6010430
EG,EGY,Egypt,1,EG14,Kalyoubia,EG14,Kalyoubia,,,4754044
EG,EGY,Egypt,1,EG15,Kafr El-Shikh,EG15,Kafr El-Shikh,,,2940030
EG,EGY,Egypt,1,EG16,Gharbia,EG16,Gharbia,,,4438420
EG,EGY,Egypt,1,EG17,Menoufia,EG17,Menoufia,,,3656839
EG,EGY,Egypt,1,EG18,Behera,EG18,Behera,,,5327554
EG,EGY,Egypt,1,EG19,Ismailia,EG19,Ismailia,,,1076586
EG,EGY,Egypt,1,EG21,Giza,EG21,Giza,,,6979675
EG,EGY,Egypt,1,EG22,Beni Suef,EG22,Beni Suef,,,2596633
EG,EGY,Egypt,1,EG23,Fayoum,EG23,Fayoum,,,2881792
EG,EGY,Egypt,1,EG24,Menia,EG24,Menia,,,4700358
EG,EGY,Egypt,1,EG25,Assiut,EG25,Assiut,,,3888308
EG,EGY,Egypt,1,EG26,Suhag,EG26,Suhag,,,4210651
EG,EGY,Egypt,1,EG27,Qena,EG27,Qena,,,2800373
EG,EGY,Egypt,1,EG28,Aswan,EG28,Aswan,,,1322315
EG,EGY,Egypt,1,EG29,Luxor,EG29,Luxor,,,1064123
EG,EGY,Egypt,1,EG31,Red Sea,EG31,Red Sea,,,320322
EG,EGY,Egypt,1,EG32,New Valley,EG32,New Valley,,,208391
EG,EGY,Egypt,1,EG33,Matrouh,EG33,Matrouh,,,388608
EG,EGY,Egypt,1,EG34,North Sinai,EG34,North Sinai,,,395271
EG,EGY,Egypt,1,EG35,South Sinai,EG35,South Sinai,,,159029
ET,ETH,Ethiopia,1,ET01,Tigray,ET01,Tigray,,,5649587
ET,ETH,Ethiopia,1,ET02,Afar,ET02,Afar,,,1989997
ET,ETH,Ethiopia,1,ET03,Amhara,ET03,Amhara,,,22530515
ET,ETH,Ethiopia,1,ET04,Oromia,ET04,Oromia,,,39075002
ET,ETH,Ethiopia,1,ET05,Somali,ET05,Somali,,,6355003
ET,ETH,Ethiopia,1,ET06,Benishangul Gumz,ET06,Benishangul Gumz,,,1187997
ET,ETH,Ethiopia,1,ET07,SNNP,ET07,SNNP,,,13250645
ET,ETH,Ethiopia,1,ET11,South West Ethiopia,ET11,South West Ethiopia,,,3453447
ET,ETH,Ethiopia,1,ET12,Gambela,ET12,Gambela,,,492002
ET,ETH,Ethiopia,1,ET13,Harari,ET13,Harari,,,270000
ET,ETH,Ethiopia,1,ET14,Addis Ababa,ET14,Addis Ababa,,,3773999
ET,ETH,Ethiopia,1,ET15,Dire Dawa,ET15,Dire Dawa,,,521000
ET,ETH,Ethiopia,1,ET16,Sidama,ET16,Sidama,,,3987457
ET,ETH,Ethiopia,2,ET0101,North Western,ET01,Tigray,ET0101,North Western,902719
ET,ETH,Ethiopia,2,ET0102,Central,ET01,Tigray,ET0102,Central,1475184
ET,ETH,Ethiopia,2,ET0103,Eastern,ET01,Tigray,ET0103,Eastern,1273918
ET,ETH,Ethiopia,2,ET0104,Southern,ET01,Tigray,ET0104,Southern,830878
ET,ETH,Ethiopia,2,ET0105,Western,ET01,Tigray,ET0105,Western,525923
ET,ETH,Ethiopia,2,ET0106,South Eastern,ET01,Tigray,ET0106,South Eastern,454692
ET,ETH,Ethiopia,2,ET0107,Mekelle,ET01,Tigray,ET0107,Mekelle,186272
ET,ETH,Ethiopia,2,ET0201,Awsi /Zone 1,ET02,Afar,ET0201,Awsi /Zone 1,702893
ET,ETH,Ethiopia,2,ET0202,Kilbati /Zone2,ET02,Afar,ET0202,Kilbati /Zone2,490191
ET,ETH,Ethiopia,2,ET0203,Gabi /Zone 3,ET02,Afar,ET0203,Gabi /Zone 3,296168
ET,ETH,Ethiopia,2,ET0204,Fanti /Zone 4,ET02,Afar,ET0204,Fanti /Zone 4,287301
ET,ETH,Ethiopia,2,ET0205,Hari /Zone 5,ET02,Afar,ET0205,Hari /Zone 5,213443
ET,ETH,Ethiopia,2,ET0301,North Gondar,ET03,Amhara,ET0301,North Gondar,911718
ET,ETH,Ethiopia,2,ET0302,South Gondar,ET03,Amhara,ET0302,South Gondar,2719447
ET,ETH,Ethiopia,2,ET0303,North Wello,ET03,Amhara,ET0303,North Wello,1847740
ET,ETH,Ethiopia,2,ET0304,South Wello,ET03,Amhara,ET0304,South Wello,3371704
ET,ETH,Ethiopia,2,ET0305,North Shewa (AM),ET03,Amhara,ET0305,North Shewa (AM),2497052
ET,ETH,Ethiopia,2,ET0306,East Gojam,ET03,Amhara,ET0306,East Gojam,2902200
ET,ETH,Ethiopia,2,ET0307,West Gojam,ET03,Amhara,ET0307,West Gojam,2760852
ET,ETH,Ethiopia,2,ET0308,Wag Hamra,ET03,Amhara,ET0308,Wag Hamra,558306
ET,ETH,Ethiopia,2,ET0309,Awi,ET03,Amhara,ET0309,Awi,1641176
ET,ETH,Ethiopia,2,ET0310,Oromia,ET03,Amhara,ET0310,Oromia,550843
ET,ETH,Ethiopia,2,ET0311,Central Gondar,ET03,Amhara,ET0311,Central Gondar,2391579
ET,ETH,Ethiopia,2,ET0312,West Gondar,ET03,Amhara,ET0312,West Gondar,377898
ET,ETH,Ethiopia,2,ET0401,West Wellega,ET04,Oromia,ET0401,West Wellega,1791336
ET,ETH,Ethiopia,2,ET0402,East Wellega,ET04,Oromia,ET0402,East Wellega,1870321
ET,ETH,Ethiopia,2,ET0403,Ilu Aba Bora,ET04,Oromia,ET0403,Ilu Aba Bora,1004400
ET,ETH,Ethiopia,2,ET0404,Jimma,ET04,Oromia,ET0404,Jimma,4197373
ET,ETH,Ethiopia,2,ET0405,West Shewa,ET04,Oromia,ET0405,West Shewa,3099027
ET,ETH,Ethiopia,2,ET0406,North Shewa (OR),ET04,Oromia,ET0406,North Shewa (OR),1662806
ET,ETH,Ethiopia,2,ET0407,East Shewa,ET04,Oromia,ET0407,East Shewa,2108044
ET,ETH,Ethiopia,2,ET0408,Arsi,ET04,Oromia,ET0408,Arsi,3766075
ET,ETH,Ethiopia,2,ET0409,West Hararge,ET04,Oromia,ET0409,West Hararge,2789190
ET,ETH,Ethiopia,2,ET0410,East Hararge,ET04,Oromia,ET0410,East Hararge,3770508
ET,ETH,Ethiopia,2,ET0411,Bale,ET04,Oromia,ET0411,Bale,1039526
ET,ETH,Ethiopia,2,ET0412,Borena,ET04,Oromia,ET0412,Borena,626098
ET,ETH,Ethiopia,2,ET0413,South West Shewa,ET04,Oromia,ET0413,South West Shewa,1311400
ET,ETH,Ethiopia,2,ET0414,Guji,ET04,Oromia,ET0414,Guji,1655947
ET,ETH,Ethiopia,2,ET0415,West Guji,ET04,Oromia,ET0415,West Guji,1337237
ET,ETH,Ethiopia,2,ET0416,Buno Bedele,ET04,Oromia,ET0416,Buno Bedele,762739
ET,ETH,Ethiopia,2,ET0417,West Arsi,ET04,Oromia,ET0417,West Arsi,2725861
ET,ETH,Ethiopia,2,ET0418,Kelem Wellega,ET04,Oromia,ET0418,Kelem Wellega,1184069
ET,ETH,Ethiopia,2,ET0419,Horo Gudru Wellega,ET04,Oromia,ET0419,Horo Gudru Wellega,780423
ET,ETH,Ethiopia,2,ET0420,Finfine Special,ET04,Oromia,ET0420,Finfine Special,1085361
ET,ETH,Ethiopia,2,ET0421,East Bale,ET04,Oromia,ET0421,East Bale,507261
ET,ETH,Ethiopia,2,ET0501,Siti,ET05,Somali,ET0501,Siti,670906
ET,ETH,Ethiopia,2,ET0502,Fafan,ET05,Somali,ET0502,Fafan,1114892
ET,ETH,Ethiopia,2,ET0503,Jarar,ET05,Somali,ET0503,Jarar,806765
ET,ETH,Ethiopia,2,ET0504,Erer,ET05,Somali,ET0504,Erer,405115
ET,ETH,Ethiopia,2,ET0505,Korahe,ET05,Somali,ET0505,Korahe,526494
ET,ETH,Ethiopia,2,ET0506,Shabelle,ET05,Somali,ET0506,Shabelle,683832
ET,ETH,Ethiopia,2,ET0507,Doolo,ET05,Somali,ET0507,Doolo,494682
ET,ETH,Ethiopia,2,ET0508,Afder,ET05,Somali,ET0508,Afder,648880
ET,ETH,Ethiopia,2,ET0509,Liban,ET05,Somali,ET0509,Liban,518307
ET,ETH,Ethiopia,2,ET0510,Nogob,ET05,Somali,ET0510,Nogob,172402
ET,ETH,Ethiopia,2,ET0511,Daawa,ET05,Somali,ET0511,Daawa,312728
ET,ETH,Ethiopia,2,ET0602,Metekel,ET06,Benishangul Gumz,ET0602,Metekel,501585
ET,ETH,Ethiopia,2,ET0603,Assosa,ET06,Benishangul Gumz,ET0603,Assosa,505199
ET,ETH,Ethiopia,2,ET0604,Kamashi,ET06,Benishangul Gumz,ET0604,Kamashi,110114
ET,ETH,Ethiopia,2,ET0605,Mao Komo Special,ET06,Benishangul Gumz,ET0605,Mao Komo Special,71099
ET,ETH,Ethiopia,2,ET0701,Guraghe,ET07,SNNP,ET0701,Guraghe,1642049
ET,ETH,Ethiopia,2,ET0702,Hadiya,ET07,SNNP,ET0702,Hadiya,1942784
ET,ETH,Ethiopia,2,ET0703,Kembata Tembaro,ET07,SNNP,ET0703,Kembata Tembaro,989687
ET,ETH,Ethiopia,2,ET0705,Gedeo,ET07,SNNP,ET0705,Gedeo,1186458
ET,ETH,Ethiopia,2,ET0706,Wolayita,ET07,SNNP,ET0706,Wolayita,2311103
ET,ETH,Ethiopia,2,ET0707,South Omo,ET07,SNNP,ET0707,South Omo,651952
ET,ETH,Ethiopia,2,ET0710,Gamo,ET07,SNNP,ET0710,Gamo,1678008
ET,ETH,Ethiopia,2,ET0712,Alle,ET07,SNNP,ET0712,Alle,53450
ET,ETH,Ethiopia,2,ET0713,Konso,ET07,SNNP,ET0713,Konso,213722
ET,ETH,Ethiopia,2,ET0714,Halaba,ET07,SNNP,ET0714,Halaba,241565
ET,ETH,Ethiopia,2,ET0715,Gofa,ET07,SNNP,ET0715,Gofa,635948
ET,ETH,Ethiopia,2,ET0716,Basketo,ET07,SNNP,ET0716,Basketo,79236
ET,ETH,Ethiopia,2,ET0720,Siltie,ET07,SNNP,ET0720,Siltie,1076198
ET,ETH,Ethiopia,2,ET0721,Amaro,ET07,SNNP,ET0721,Amaro,201929
ET,ETH,Ethiopia,2,ET0722,Burji,ET07,SNNP,ET0722,Burji,79337
ET,ETH,Ethiopia,2,ET0723,Derashe,ET07,SNNP,ET0723,Derashe,199634
ET,ETH,Ethiopia,2,ET0724,Yem Special,ET07,SNNP,ET0724,Yem Special,67586
ET,ETH,Ethiopia,2,ET1101,Sheka,ET11,South West Ethiopia,ET1101,Sheka,333699
ET,ETH,Ethiopia,2,ET1102,Kefa,ET11,South West Ethiopia,ET1102,Kefa,1232450
ET,ETH,Ethiopia,2,ET1103,Bench Sheko,ET11,South West Ethiopia,ET1103,Bench Sheko,676928
ET,ETH,Ethiopia,2,ET1104,Dawuro,ET11,South West Ethiopia,ET1104,Dawuro,830838
ET,ETH,Ethiopia,2,ET1105,Mirab Omo,ET11,South West Ethiopia,ET1105,Mirab Omo,252659
ET,ETH,Ethiopia,2,ET1106,Konta Special,ET11,South West Ethiopia,ET1106,Konta Special,126874
ET,ETH,Ethiopia,2,ET1201,Nuwer,ET12,Gambela,ET1201,Nuwer,163821
ET,ETH,Ethiopia,2,ET1202,Agnewak,ET12,Gambela,ET1202,Agnewak,187268
ET,ETH,Ethiopia,2,ET1203,Majang,ET12,Gambela,ET1203,Majang,86891
ET,ETH,Ethiopia,2,ET1204,Itang Special woreda,ET12,Gambela,ET1204,Itang Special woreda,54022
ET,ETH,Ethiopia,2,ET1301,Harari,ET13,Harari,ET1301,Harari,270000
ET,ETH,Ethiopia,2,ET1401,Region 14,ET14,Addis Ababa,ET1401,Region 14,3773999
ET,ETH,Ethiopia,2,ET1501,Dire Dawa urban,ET15,Dire Dawa,ET1501,Dire Dawa urban,328357
ET,ETH,Ethiopia,2,ET1502,Dire Dawa rural,ET15,Dire Dawa,ET1502,Dire Dawa rural,192643
ET,ETH,Ethiopia,2,ET1600,Sidama,ET16,Sidama,ET1600,Sidama,3987457
GT,GTM,Guatemala,1,GT01,Guatemala,GT01,Guatemala,,,3599257
GT,GTM,Guatemala,1,GT02,El Progreso,GT02,El Progreso,,,195673
GT,GTM,Guatemala,1,GT03,Sacatepéquez,GT03,Sacatepéquez,,,402357
GT,GTM,Guatemala,1,GT04,Chimaltenango,GT04,Chimaltenango,,,759217
GT,GTM,Guatemala,1,GT05,Escuintla,GT05,Escuintla,,,813169
GT,GTM,Guatemala,1,GT06,Santa Rosa,GT06,Santa Rosa,,,451731
GT,GTM,Guatemala,1,GT07,Sololá,GT07,Sololá,,,481114
GT,GTM,Guatemala,1,GT08,Totonicapán,GT08,Totonicapán,,,500941
GT,GTM,Guatemala,1,GT09,Quetzaltenango,GT09,Quetzaltenango,,,923211
GT,GTM,Guatemala,1,GT10,Suchitepéquez,GT10,Suchitepéquez,,,619475
GT,GTM,Guatemala,1,GT11,Retalhuleu,GT11,Retalhuleu,,,381635
GT,GTM,Guatemala,1,GT12,San Marcos,GT12,San Marcos,,,1206198
GT,GTM,Guatemala,1,GT13,Huehuetenango,GT13,Huehuetenango,,,1426830
GT,GTM,Guatemala,1,GT14,Quiché,GT14,Quiché,,,1100815
GT,GTM,Guatemala,1,GT15,Baja Verapaz,GT15,Baja Verapaz,,,339138
GT,GTM,Guatemala,1,GT16,Alta Verapaz,GT16,Alta Verapaz,,,1381253
GT,GTM,Guatemala,1,GT17,Petén,GT17,Petén,,,631305
GT,GTM,Guatemala,1,GT18,Izabal,GT18,Izabal,,,452338
GT,GTM,Guatemala,1,GT19,Zacapa,GT19,Zacapa,,,273207
GT,GTM,Guatemala,1,GT20,Chiquimula,GT20,Chiquimula,,,453449
GT,GTM,Guatemala,1,GT21,Jalapa,GT21,Jalapa,,,407468
GT,GTM,Guatemala,1,GT22,Jutiapa,GT22,Jutiapa,,,558105
GY,GUY,Guyana,1,GY01,Barima-Waini,GY01,Barima-Waini,,,14450
GY,GUY,Guyana,1,GY02,Cuyuni-Mazaruni,GY02,Cuyuni-Mazaruni,,,23554
GY,GUY,Guyana,1,GY03,Demerara-Mahaica,GY03,Demerara-Mahaica,,,53794
GY,GUY,Guyana,1,GY04,East Berbice-Corentyne,GY04,East Berbice-Corentyne,,,152188
GY,GUY,Guyana,1,GY05,Essequibo Islands-West Demerara,GY05,Essequibo Islands-West Demerara,,,24833
GY,GUY,Guyana,1,GY06,Mahaica Berbice,GY06,Mahaica Berbice,,,54963
GY,GUY,Guyana,1,GY07,Pomeroon-Supenaam,GY07,Pomeroon-Supenaam,,,9721
GY,GUY,Guyana,1,GY08,Potaro-Siparuni,GY08,Potaro-Siparuni,,,6032
GY,GUY,Guyana,1,GY09,Upper Demerara-Berbice,GY09,Upper Demerara-Berbice,,,12479
GY,GUY,Guyana,1,GY10,Upper Takutu-Upper Essequibo,GY10,Upper Takutu-Upper Essequibo,,,19791
HN,HND,Honduras,1,HN01,Atlantida,HN01,Atlantida,,,486174
HN,HND,Honduras,1,HN02,Colon,HN02,Colon,,,345362
HN,HND,Honduras,1,HN03,Comayagua,HN03,Comayagua,,,562033
HN,HND,Honduras,1,HN04,Copan,HN04,Copan,,,412927
HN,HND,Honduras,1,HN05,Cortes,HN05,Cortes,,,1785376
HN,HND,Honduras,1,HN06,Choluteca,HN06,Choluteca,,,475284
HN,HND,Honduras,1,HN07,El Paraiso,HN07,El Paraiso,,,495521
HN,HND,Honduras,1,HN08,Francisco Morazan,HN08,Francisco Morazan,,,1674986
HN,HND,Honduras,1,HN09,Gracias a Dios,HN09,Gracias a Dios,,,104261
HN,HND,Honduras,1,HN10,Intibuca,HN10,Intibuca,,,265006
HN,HND,Honduras,1,HN11,Islas de La Bahia,HN11,Islas de La Bahia,,,74938
HN,HND,Honduras,1,HN12,La Paz,HN12,La Paz,,,224554
HN,HND,Honduras,1,HN13,Lempira,HN13,Lempira,,,363867
HN,HND,Honduras,1,HN14,Ocotepeque,HN14,Ocotepeque,,,165482
HN,HND,Honduras,1,HN15,Olancho,HN15,Olancho,,,578919
HN,HND,Honduras,1,HN16,Santa Barbara,HN16,Santa Barbara,,,469579
HN,HND,Honduras,1,HN17,Valle,HN17,Valle,,,189690
HN,HND,Honduras,1,HN18,Yoro,HN18,Yoro,,,630421
HT,HTI,Haiti,1,HT01,West,HT01,West,,,5010206
HT,HTI,Haiti,1,HT02,South East,HT02,South East,,,893901
HT,HTI,Haiti,1,HT03,North,HT03,North,,,1159762
HT,HTI,Haiti,1,HT04,North East,HT04,North East,,,444463
HT,HTI,Haiti,1,HT05,Artibonite,HT05,Artibonite,,,2047153
HT,HTI,Haiti,1,HT06,Centre,HT06,Centre,,,845594
HT,HTI,Haiti,1,HT07,South,HT07,South,,,791085
HT,HTI,Haiti,1,HT08,Grande'Anse,HT08,Grande'Anse,,,481065
HT,HTI,Haiti,1,HT09,North West,HT09,North West,,,868581
HT,HTI,Haiti,1,HT10,Nippes,HT10,Nippes,,,351593
IR,IRN,Iran (Islamic Republic of),1,IR001,Alborz,IR001,Alborz,,,2712400
IR,IRN,Iran (Islamic Republic of),1,IR002,Ardabil,IR002,Ardabil,,,1270420
IR,IRN,Iran (Islamic Republic of),1,IR003,Bushehr,IR003,Bushehr,,,1163400
IR,IRN,Iran (Islamic Republic of),1,IR004,Chaharmahal And Bakhtiari,IR004,Chaharmahal And Bakhtiari,,,947763
IR,IRN,Iran (Islamic Republic of),1,IR005,East Azerbaijan,IR005,East Azerbaijan,,,3909652
IR,IRN,Iran (Islamic Republic of),1,IR006,Fars,IR006,Fars,,,4851274
IR,IRN,Iran (Islamic Republic of),1,IR007,Gilan,IR007,Gilan,,,2530696
IR,IRN,Iran (Islamic Republic of),1,IR008,Golestan,IR008,Golestan,,,1868819
IR,IRN,Iran (Islamic Republic of),1,IR009,Hamadan,IR009,Hamadan,,,1738234
IR,IRN,Iran (Islamic Republic of),1,IR010,Hormozgan,IR010,Hormozgan,,,1776415
IR,IRN,Iran (Islamic Republic of),1,IR011,Ilam,IR011,Ilam,,,580158
IR,IRN,Iran (Islamic Republic of),1,IR012,Isfahan,IR012,Isfahan,,,5120850
IR,IRN,Iran (Islamic Republic of),1,IR013,Kerman,IR013,Kerman,,,3164718
IR,IRN,Iran (Islamic Republic of),1,IR014,Kermanshah,IR014,Kermanshah,,,1952434
IR,IRN,Iran (Islamic Republic of),1,IR015,Khuzestan,IR015,Khuzestan,,,4710509
IR,IRN,Iran (Islamic Republic of),1,IR016,Kohgiluyeh And Boyer Ahmad,IR016,Kohgiluyeh And Boyer Ahmad,,,713052
IR,IRN,Iran (Islamic Republic of),1,IR017,Kurdistan,IR017,Kurdistan,,,1603011
IR,IRN,Iran (Islamic Republic of),1,IR018,Lorestan,IR018,Lorestan,,,1760649
IR,IRN,Iran (Islamic Republic of),1,IR019,Markazi,IR019,Markazi,,,1429475
IR,IRN,Iran (Islamic Republic of),1,IR020,Mazandaran,IR020,Mazandaran,,,3283582
IR,IRN,Iran (Islamic Republic of),1,IR021,North Khorasan,IR021,North Khorasan,,,863092
IR,IRN,Iran (Islamic Republic of),1,IR022,Qazvin,IR022,Qazvin,,,1273761
IR,IRN,Iran (Islamic Republic of),1,IR023,Qom,IR023,Qom,,,1292283
IR,IRN,Iran (Islamic Republic of),1,IR024,Razavi Khorasan,IR024,Razavi Khorasan,,,6434501
IR,IRN,Iran (Islamic Republic of),1,IR025,Semnan,IR025,Semnan,,,702360
IR,IRN,Iran (Islamic Republic of),1,IR026,Sistan And Baluchestan,IR026,Sistan And Baluchestan,,,2775014
IR,IRN,Iran (Islamic Republic of),1,IR027,South Khorasan,IR027,South Khorasan,,,768898
IR,IRN,Iran (Islamic Republic of),1,IR028,Tehran,IR028,Tehran,,,13267637
IR,IRN,Iran (Islamic Republic of),1,IR029,West Azerbaijan,IR029,West Azerbaijan,,,3265219
IR,IRN,Iran (Islamic Republic of),1,IR030,Yazd,IR030,Yazd,,,1138533
IR,IRN,Iran (Islamic Republic of),1,IR031,Zanjan,IR031,Zanjan,,,1057461
IQ,IRQ,Iraq,1,IQG01,Al Anbar,IQG01,Al Anbar,,,1561400
IQ,IRQ,Iraq,1,IQG02,Al Basrah,IQG02,Al Basrah,,,2532000
IQ,IRQ,Iraq,1,IQG03,Al Muthanna,IQG03,Al Muthanna,,,719100
IQ,IRQ,Iraq,1,IQG04,Al Najaf,IQG04,Al Najaf,,,1285500
IQ,IRQ,Iraq,1,IQG05,Al Qadissiya,IQG05,Al Qadissiya,,,1134300
IQ,IRQ,Iraq,1,IQG06,Al Sulaymaniyah,IQG06,Al Sulaymaniyah,,,1878800
IQ,IRQ,Iraq,1,IQG07,Babil,IQG07,Babil,,,1820700
IQ,IRQ,Iraq,1,IQG08,Baghdad,IQG08,Baghdad,,,7055200
IQ,IRQ,Iraq,1,IQG09,Duhok,IQG09,Duhok,,,1128700
IQ,IRQ,Iraq,1,IQG10,Diyala,IQG10,Diyala,,,1443200
IQ,IRQ,Iraq,1,IQG11,Erbil,IQG11,Erbil,,,1612700
IQ,IRQ,Iraq,1,IQG12,Kerbala,IQG12,Kerbala,,,1066600
IQ,IRQ,Iraq,1,IQG13,Kirkuk,IQG13,Kirkuk,,,1395600
IQ,IRQ,Iraq,1,IQG14,Maysan,IQG14,Maysan,,,971400
IQ,IRQ,Iraq,1,IQG15,Ninewa,IQG15,Ninewa,,,3270400
IQ,IRQ,Iraq,1,IQG16,Salah Al Din,IQG16,Salah Al Din,,,1408200
IQ,IRQ,Iraq,1,IQG17,Thi Qar,IQG17,Thi Qar,,,1836200
IQ,IRQ,Iraq,1,IQG18,Wassit,IQG18,Wassit,,,1210600
KE,KEN,Kenya,1,KE001,Mombasa,KE001,Mombasa,,,939370
KE,KEN,Kenya,1,KE002,Kwale,KE002,Kwale,,,649931
KE,KEN,Kenya,1,KE003,Kilifi,KE003,Kilifi,,,1109735
KE,KEN,Kenya,1,KE004,Tana River,KE004,Tana River,,,240075
KE,KEN,Kenya,1,KE005,Lamu,KE005,Lamu,,,101539
KE,KEN,Kenya,1,KE006,Taita Taveta,KE006,Taita Taveta,,,284657
KE,KEN,Kenya,1,KE007,Garissa,KE007,Garissa,,,516212
KE,KEN,Kenya,1,KE008,Wajir,KE008,Wajir,,,661941
KE,KEN,Kenya,1,KE009,Mandera,KE009,Mandera,,,1025756
KE,KEN,Kenya,1,KE010,Marsabit,KE010,Marsabit,,,291166
KE,KEN,Kenya,1,KE011,Isiolo,KE011,Isiolo,,,963794
KE,KEN,Kenya,1,KE012,Meru,KE012,Meru,,,1356301
KE,KEN,Kenya,1,KE013,Tharaka Nithi,KE013,Tharaka Nithi,,,365330
KE,KEN,Kenya,1,KE014,Embu,KE014,Embu,,,369998
KE,KEN,Kenya,1,KE015,Kitui,KE015,Kitui,,,1012709
KE,KEN,Kenya,1,KE016,Machakos,KE016,Machakos,,,1098584
KE,KEN,Kenya,1,KE017,Makueni,KE017,Makueni,,,884527
KE,KEN,Kenya,1,KE018,Nyandarua,KE018,Nyandarua,,,596268
KE,KEN,Kenya,1,KE019,Nyeri,KE019,Nyeri,,,693558
KE,KEN,Kenya,1,KE020,Kirinyaga,KE020,Kirinyaga,,,528054
KE,KEN,Kenya,1,KE021,Muranga,KE021,Muranga,,,942581
KE,KEN,Kenya,1,KE022,Kiambu,KE022,Kiambu,,,1623282
KE,KEN,Kenya,1,KE023,Turkana,KE023,Turkana,,,855399
KE,KEN,Kenya,1,KE024,West Pokot,KE024,West Pokot,,,512690
KE,KEN,Kenya,1,KE025,Samburu,KE025,Samburu,,,223947
KE,KEN,Kenya,1,KE026,Trans Nzoia,KE026,Trans Nzoia,,,818757
KE,KEN,Kenya,1,KE027,Uasin Gishu,KE027,Uasin Gishu,,,894179
KE,KEN,Kenya,1,KE028,Elgeyo Marakwet,KE028,Elgeyo Marakwet,,,1660651
KE,KEN,Kenya,1,KE029,Nandi,KE029,Nandi,,,752965
KE,KEN,Kenya,1,KE030,Baringo,KE030,Baringo,,,555561
KE,KEN,Kenya,1,KE031,Laikipia,KE031,Laikipia,,,399227
KE,KEN,Kenya,1,KE032,Nakuru,KE032,Nakuru,,,1603325
KE,KEN,Kenya,1,KE033,Narok,KE033,Narok,,,850920
KE,KEN,Kenya,1,KE034,Kajiado,KE034,Kajiado,,,143294
KE,KEN,Kenya,1,KE035,Kericho,KE035,Kericho,,,758339
KE,KEN,Kenya,1,KE036,Bomet,KE036,Bomet,,,724186
KE,KEN,Kenya,1,KE037,Kakamega,KE037,Kakamega,,,687312
KE,KEN,Kenya,1,KE038,Vihiga,KE038,Vihiga,,,554622
KE,KEN,Kenya,1,KE039,Bungoma,KE039,Bungoma,,,1630934
KE,KEN,Kenya,1,KE040,Busia,KE040,Busia,,,488075
KE,KEN,Kenya,1,KE041,Siaya,KE041,Siaya,,,842304
KE,KEN,Kenya,1,KE042,Kisumu,KE042,Kisumu,,,968909
KE,KEN,Kenya,1,KE043,Homa Bay,KE043,Homa Bay,,,623060
KE,KEN,Kenya,1,KE044,Migori,KE044,Migori,,,917170
KE,KEN,Kenya,1,KE045,Kisii,KE045,Kisii,,,1152282
KE,KEN,Kenya,1,KE046,Nyamira,KE046,Nyamira,,,598252
KE,KEN,Kenya,1,KE047,Nairobi,KE047,Nairobi,,,3138369
LR,LBR,Liberia,1,LR01,Bomi,LR01,Bomi,,,110141
LR,LBR,Liberia,1,LR02,Bong,LR02,Bong,,,476283
LR,LBR,Liberia,1,LR03,Gbarpolu,LR03,Gbarpolu,,,109183
LR,LBR,Liberia,1,LR04,Grand Bassa,LR04,Grand Bassa,,,290274
LR,LBR,Liberia,1,LR05,Grand Cape Mount,LR05,Grand Cape Mount,,,167731
LR,LBR,Liberia,1,LR06,Grand Gedeh,LR06,Grand Gedeh,,,164004
LR,LBR,Liberia,1,LR07,Grand Kru,LR07,Grand Kru,,,75827
LR,LBR,Liberia,1,LR08,Lofa,LR08,Lofa,,,362499
LR,LBR,Liberia,1,LR09,Margibi,LR09,Margibi,,,274857
LR,LBR,Liberia,1,LR10,Maryland,LR10,Maryland,,,177987
LR,LBR,Liberia,1,LR11,Montserrado,LR11,Montserrado,,,1464139
LR,LBR,Liberia,1,LR12,Nimba,LR12,Nimba,,,604946
LR,LBR,Liberia,1,LR13,River Gee,LR13,River Gee,,,87448
LR,LBR,Liberia,1,LR14,Rivercess,LR14,Rivercess,,,93630
LR,LBR,Liberia,1,LR15,Sinoe,LR15,Sinoe,,,134073
LY,LBY,Libya,1,LY01,East,LY01,East,,,1491495
LY,LBY,Libya,1,LY02,West,LY02,West,,,3451050
LY,LBY,Libya,1,LY03,South,LY03,South,,,420824
MX,MEX,Mexico,1,MX01,Aguascalientes,MX01,Aguascalientes,,,1184996
MX,MEX,Mexico,1,MX02,Baja California,MX02,Baja California,,,3155070
MX,MEX,Mexico,1,MX03,Baja California Sur,MX03,Baja California Sur,,,637026
MX,MEX,Mexico,1,MX04,Campeche,MX04,Campeche,,,822441
MX,MEX,Mexico,1,MX05,Coahuila de Zaragoza,MX05,Coahuila de Zaragoza,,,2748391
MX,MEX,Mexico,1,MX06,Colima,MX06,Colima,,,650555
MX,MEX,Mexico,1,MX07,Chiapas,MX07,Chiapas,,,4796580
MX,MEX,Mexico,1,MX08,Chihuahua,MX08,Chihuahua,,,3406465
MX,MEX,Mexico,1,MX09,Distrito Federal,MX09,Distrito Federal,,,8851080
MX,MEX,Mexico,1,MX10,Durango,MX10,Durango,,,1632934
MX,MEX,Mexico,1,MX11,Guanajuato,MX11,Guanajuato,,,5486372
MX,MEX,Mexico,1,MX12,Guerrero,MX12,Guerrero,,,3388768
MX,MEX,Mexico,1,MX13,Hidalgo,MX13,Hidalgo,,,2665018
MX,MEX,Mexico,1,MX14,Jalisco,MX14,Jalisco,,,7350682
MX,MEX,Mexico,1,MX15,Mexico,MX15,Mexico,,,15175862
MX,MEX,Mexico,1,MX16,Michoacan de Ocampo,MX16,Michoacan de Ocampo,,,4351037
MX,MEX,Mexico,1,MX17,Morelos,MX17,Morelos,,,1777227
MX,MEX,Mexico,1,MX18,Nayarit,MX18,Nayarit,,,1084979
MX,MEX,Mexico,1,MX19,Nuevo Leon,MX19,Nuevo Leon,,,4653458
MX,MEX,Mexico,1,MX20,Oaxaca,MX20,Oaxaca,,,3801962
MX,MEX,Mexico,1,MX21,Puebla,MX21,Puebla,,,5779829
MX,MEX,Mexico,1,MX22,Queretaro de Arteaga,MX22,Queretaro de Arteaga,,,1827937
MX,MEX,Mexico,1,MX23,Quintana Roo,MX23,Quintana Roo,,,1325578
MX,MEX,Mexico,1,MX24,San Luis Potosi,MX24,San Luis Potosi,,,2585518
MX,MEX,Mexico,1,MX25,Sinaloa,MX25,Sinaloa,,,2767761
MX,MEX,Mexico,1,MX26,Sonora,MX26,Sonora,,,2662480
MX,MEX,Mexico,1,MX27,Tabasco,MX27,Tabasco,,,2238603
MX,MEX,Mexico,1,MX28,Tamaulipas,MX28,Tamaulipas,,,3268554
MX,MEX,Mexico,1,MX29,Tlaxcala,MX29,Tlaxcala,,,1169936
MX,MEX,Mexico,1,MX30,Veracruz de Ignacio de la Llave,MX30,Veracruz de Ignacio de la Llave,,,7643194
MX,MEX,Mexico,1,MX31,Yucatan,MX31,Yucatan,,,1955577
MX,MEX,Mexico,1,MX32,Zacatecas,MX32,Zacatecas,,,1490668
ML,MLI,Mali,1,ML01,Kayes,ML01,Kayes,,,2457204
ML,MLI,Mali,1,ML02,Koulikoro,ML02,Koulikoro,,,2985338
ML,MLI,Mali,1,ML03,Sikasso,ML03,Sikasso,,,3257816
ML,MLI,Mali,1,ML04,Ségou,ML04,Ségou,,,2882102
ML,MLI,Mali,1,ML05,Mopti,ML05,Mopti,,,2509703
ML,MLI,Mali,1,ML06,Tombouctou,ML06,Tombouctou,,,831707
ML,MLI,Mali,1,ML07,Gao,ML07,Gao,,,668410
ML,MLI,Mali,1,ML08,Kidal,ML08,Kidal,,,83490
ML,MLI,Mali,1,ML09,Bamako,ML09,Bamako,,,2231344
ML,MLI,Mali,1,ML10,Menaka,ML10,Menaka,,,
MM,MMR,Myanmar,1,MMR001,Kachin,MMR001,Kachin,,,1969048
MM,MMR,Myanmar,1,MMR002,Kayah,MMR002,Kayah,,,337195
MM,MMR,Myanmar,1,MMR003,Kayin,MMR003,Kayin,,,1626656
MM,MMR,Myanmar,1,MMR004,Chin,MMR004,Chin,,,530540
MM,MMR,Myanmar,1,MMR005,Sagaing,MMR005,Sagaing,,,5646777
MM,MMR,Myanmar,1,MMR006,Tanintharyi,MMR006,Tanintharyi,,,1511318
MM,MMR,Myanmar,1,MMR009,Magway,MMR009,Magway,,,3927504
MM,MMR,Myanmar,1,MMR010,Mandalay,MMR010,Mandalay,,,6625941
MM,MMR,Myanmar,1,MMR011,Mon,MMR011,Mon,,,1969225
MM,MMR,Myanmar,1,MMR012,Rakhine,MMR012,Rakhine,,,3366140
MM,MMR,Myanmar,1,MMR013,Yangon,MMR013,Yangon,,,8664431
MM,MMR,Myanmar,1,MMR017,Ayeyarwady,MMR017,Ayeyarwady,,,6266671
MM,MMR,Myanmar,1,MMR018,Nay Pyi Taw,MMR018,Nay Pyi Taw,,,1320946
MM,MMR,Myanmar,1,MMR111,Bago,MMR111,Bago,,,4957734
MM,MMR,Myanmar,1,MMR222,Shan,MMR222,Shan,,,6574854
MZ,MOZ,Mozambique,1,MZ01,Cabo Delgado,MZ01,Cabo Delgado,,,2267715
MZ,MOZ,Mozambique,1,MZ02,Gaza,MZ02,Gaza,,,1388039
MZ,MOZ,Mozambique,1,MZ03,Inhambane,MZ03,Inhambane,,,1454804
MZ,MOZ,Mozambique,1,MZ04,Manica,MZ04,Manica,,,1851931
MZ,MOZ,Mozambique,1,MZ05,Maputo,MZ05,Maputo,,,1908078
MZ,MOZ,Mozambique,1,MZ06,Maputo City,MZ06,Maputo City,,,1080277
MZ,MOZ,Mozambique,1,MZ07,Nampula,MZ07,Nampula,,,5483382
MZ,MOZ,Mozambique,1,MZ08,Niassa,MZ08,Niassa,,,1713751
MZ,MOZ,Mozambique,1,MZ09,Sofala,MZ09,Sofala,,,2196845
MZ,MOZ,Mozambique,1,MZ10,Tete,MZ10,Tete,,,2551824
MZ,MOZ,Mozambique,1,MZ11,Zambezia,MZ11,Zambezia,,,5002456
MR,MRT,Mauritania,1,MR01,Adrar,MR01,Adrar,,,76020
MR,MRT,Mauritania,1,MR02,Assaba,MR02,Assaba,,,395395
MR,MRT,Mauritania,1,MR03,Brakna,MR03,Brakna,,,378871
MR,MRT,Mauritania,1,MR04,Dakhlet-Nouadhibou,MR04,Dakhlet-Nouadhibou,,,150175
MR,MRT,Mauritania,1,MR05,Gorgol,MR05,Gorgol,,,407553
MR,MRT,Mauritania,1,MR06,Guidimakha,MR06,Guidimakha,,,323974
MR,MRT,Mauritania,1,MR07,Hodh El Chargi,MR07,Hodh El Chargi,,,522509
MR,MRT,Mauritania,1,MR08,Hodh El Gharbi,MR08,Hodh El Gharbi,,,356830
MR,MRT,Mauritania,1,MR09,Inchiri,MR09,Inchiri,,,23827
MR,MRT,Mauritania,1,MR10,Nouakchott,MR10,Nouakchott,,,1162782
MR,MRT,Mauritania,1,MR11,Tagant,MR11,Tagant,,,98227
MR,MRT,Mauritania,1,MR12,Trarza,MR12,Trarza,,,64619
MR,MRT,Mauritania,1,MR13,Tris-Zemmour,MR13,Tris-Zemmour,,,330942
NER,NER,Niger,1,NER001,Agadez,NER001,Agadez,,,585738
NER,NER,Niger,1,NER002,Diffa,NER002,Diffa,,,714244
NER,NER,Niger,1,NER003,Dosso,NER003,Dosso,,,2554376
NER,NER,Niger,1,NER004,Maradi,NER004,Maradi,,,4340983
NER,NER,Niger,1,NER005,Tahoua,NER005,Tahoua,,,4131385
NER,NER,Niger,1,NER006,Tillaberi,NER006,Tillaberi,,,3409673
NER,NER,Niger,1,NER007,Zinder,NER007,Zinder,,,4487009
NER,NER,Niger,1,NER008,Niamey,NER008,Niamey,,,1243452
NG,NGA,Nigeria,1,NG001,Abia,NG001,Abia,,,3878977
NG,NGA,Nigeria,1,NG002,Adamawa,NG002,Adamawa,,,4396599
NG,NGA,Nigeria,1,NG003,Akwa Ibom,NG003,Akwa Ibom,,,5665764
NG,NGA,Nigeria,1,NG004,Anambra,NG004,Anambra,,,5936784
NG,NGA,Nigeria,1,NG005,Bauchi,NG005,Bauchi,,,6690134
NG,NGA,Nigeria,1,NG006,Bayelsa,NG006,Bayelsa,,,2537774
NG,NGA,Nigeria,1,NG007,Benue,NG007,Benue,,,5814928
NG,NGA,Nigeria,1,NG008,Borno,NG008,Borno,,,6594992
NG,NGA,Nigeria,1,NG009,Cross River,NG009,Cross River,,,3958265
NG,NGA,Nigeria,1,NG010,Delta,NG010,Delta,,,5827726
NG,NGA,Nigeria,1,NG011,Ebonyi,NG011,Ebonyi,,,2983133
NG,NGA,Nigeria,1,NG012,Edo,NG012,Edo,,,4393070
NG,NGA,Nigeria,1,NG013,Ekiti,NG013,Ekiti,,,3510952
NG,NGA,Nigeria,1,NG014,Enugu,NG014,Enugu,,,4415727
NG,NGA,Nigeria,1,NG015,Federal Capital Territory,NG015,Federal Capital Territory,,,4834747
NG,NGA,Nigeria,1,NG016,Gombe,NG016,Gombe,,,3392445
NG,NGA,Nigeria,1,NG017,Imo,NG017,Imo,,,5547527
NG,NGA,Nigeria,1,NG018,Jigawa,NG018,Jigawa,,,5921830
NG,NGA,Nigeria,1,NG019,Kaduna,NG019,Kaduna,,,8758047
NG,NGA,Nigeria,1,NG020,Kano,NG020,Kano,,,13612130
NG,NGA,Nigeria,1,NG021,Katsina,NG021,Katsina,,,8050462
NG,NGA,Nigeria,1,NG022,Kebbi,NG022,Kebbi,,,4510474
NG,NGA,Nigeria,1,NG023,Kogi,NG023,Kogi,,,4836724
NG,NGA,Nigeria,1,NG024,Kwara,NG024,Kwara,,,3378707
NG,NGA,Nigeria,1,NG025,Lagos,NG025,Lagos,,,14879754
NG,NGA,Nigeria,1,NG026,Nasarawa,NG026,Nasarawa,,,2557000
NG,NGA,Nigeria,1,NG027,Niger,NG027,Niger,,,5745269
NG,NGA,Nigeria,1,NG028,Ogun,NG028,Ogun,,,5854055
NG,NGA,Nigeria,1,NG029,Ondo,NG029,Ondo,,,4673409
NG,NGA,Nigeria,1,NG030,Osun,NG030,Osun,,,4828740
NG,NGA,Nigeria,1,NG031,Oyo,NG031,Oyo,,,8470586
NG,NGA,Nigeria,1,NG032,Plateau,NG032,Plateau,,,4350632
NG,NGA,Nigeria,1,NG033,Rivers,NG033,Rivers,,,7840763
NG,NGA,Nigeria,1,NG034,Sokoto,NG034,Sokoto,,,5027130
NG,NGA,Nigeria,1,NG035,Taraba,NG035,Taraba,,,3046503
NG,NGA,Nigeria,1,NG036,Yobe,NG036,Yobe,,,3619142
NG,NGA,Nigeria,1,NG037,Zamfara,NG037,Zamfara,,,4568319
PK,PAK,Pakistan,1,PK2,Khyber Pakhtunkhwa,PK2,Khyber Pakhtunkhwa,,,35525047
PK,PAK,Pakistan,1,PK5,Federal Capital Territory,PK5,Federal Capital Territory,,,2006572
PK,PAK,Pakistan,1,PK6,Punjab,PK6,Punjab,,,110012442
PK,PAK,Pakistan,1,PK7,Balochistan,PK7,Balochistan,,,12344408
PK,PAK,Pakistan,1,PK8,Sindh,PK8,Sindh,,,47886051
PA,PAN,Panama,1,PA01,Bocas Del Toro,PA01,Bocas Del Toro,,,179990
PA,PAN,Panama,1,PA02,Chiriqui,PA02,Chiriqui,,,464538
PA,PAN,Panama,1,PA03,Cocle,PA03,Cocle,,,266969
PA,PAN,Panama,1,PA04,Colon,PA04,Colon,,,298344
PA,PAN,Panama,1,PA05,Darien,PA05,Darien,,,57818
PA,PAN,Panama,1,PA06,Embera,PA06,Embera,,,13016
PA,PAN,Panama,1,PA07,Herrera,PA07,Herrera,,,118982
PA,PAN,Panama,1,PA08,Kuna Yala,PA08,Kuna Yala,,,47341
PA,PAN,Panama,1,PA09,Los Santos,PA09,Los Santos,,,95557
PA,PAN,Panama,1,PA10,Ngobe Bugle,PA10,Ngobe Bugle,,,224823
PA,PAN,Panama,1,PA11,Panama Oeste,PA11,Panama Oeste,,,606458
PA,PAN,Panama,1,PA12,Panama,PA12,Panama,,,1656339
PA,PAN,Panama,1,PA13,Veraguas,PA13,Veraguas,,,248325
PE,PER,Peru,1,PE01,Amazonas,PE01,Amazonas,,,422629
PE,PER,Peru,1,PE02,Ancash,PE02,Ancash,,,1148634
PE,PER,Peru,1,PE03,Apurimac,PE03,Apurimac,,,458830
PE,PER,Peru,1,PE04,Arequipa,PE04,Arequipa,,,1287205
PE,PER,Peru,1,PE05,Ayacucho,PE05,Ayacucho,,,688657
PE,PER,Peru,1,PE06,Cajamarca,PE06,Cajamarca,,,1529755
PE,PER,Peru,1,PE07,Callao,PE07,Callao,,,1010315
PE,PER,Peru,1,PE08,Cusco,PE08,Cusco,,,1316729
PE,PER,Peru,1,PE09,Huancavelica,PE09,Huancavelica,,,494963
PE,PER,Peru,1,PE10,Huanuco,PE10,Huanuco,,,860537
PE,PER,Peru,1,PE11,Ica,PE11,Ica,,,787170
PE,PER,Peru,1,PE12,Junin,PE12,Junin,,,1350783
PE,PER,Peru,1,PE13,La Libertad,PE13,La Libertad,,,1859640
PE,PER,Peru,1,PE14,Lambayeque,PE14,Lambayeque,,,1260650
PE,PER,Peru,1,PE15,Lima,PE15,Lima,,,9838251
PE,PER,Peru,1,PE16,Loreto,PE16,Loreto,,,1039372
PE,PER,Peru,1,PE17,Madre De Dios,PE17,Madre De Dios,,,137316
PE,PER,Peru,1,PE18,Moquegua,PE18,Moquegua,,,180477
PE,PER,Peru,1,PE19,Pasco,PE19,Pasco,,,304158
PE,PER,Peru,1,PE20,Piura,PE20,Piura,,,1844129
PE,PER,Peru,1,PE21,Puno,PE21,Puno,,,1415608
PE,PER,Peru,1,PE22,San Martin,PE22,San Martin,,,840790
PE,PER,Peru,1,PE23,Tacna,PE23,Tacna,,,341838
PE,PER,Peru,1,PE24,Tumbes,PE24,Tumbes,,,237685
PE,PER,Peru,1,PE25,Ucayali,PE25,Ucayali,,,495522
PH,PHL,Philippines (the),1,PH010000000,Region I,PH010000000,Region I,,,5026128
PH,PHL,Philippines (the),1,PH020000000,Region II,PH020000000,Region II,,,3451410
PH,PHL,Philippines (the),1,PH030000000,Region III,PH030000000,Region III,,,11218177
PH,PHL,Philippines (the),1,PH040000000,Region IV-A,PH040000000,Region IV-A,,,14414774
PH,PHL,Philippines (the),1,PH050000000,Region V,PH050000000,Region V,,,5796989
PH,PHL,Philippines (the),1,PH060000000,Region VI,PH060000000,Region VI,,,7536383
PH,PHL,Philippines (the),1,PH070000000,Region VII,PH070000000,Region VII,,,7396898
PH,PHL,Philippines (the),1,PH080000000,Region VIII,PH080000000,Region VIII,,,4440150
PH,PHL,Philippines (the),1,PH090000000,Region IX,PH090000000,Region IX,,,3629783
PH,PHL,Philippines (the),1,PH100000000,Region X,PH100000000,Region X,,,4689302
PH,PHL,Philippines (the),1,PH110000000,Region XI,PH110000000,Region XI,,,4893318
PH,PHL,Philippines (the),1,PH120000000,Region XII,PH120000000,Region XII,,,4545276
PH,PHL,Philippines (the),1,PH130000000,National Capital Region,PH130000000,National Capital Region,,,12877253
PH,PHL,Philippines (the),1,PH140000000,Cordillera Administrative Region,PH140000000,Cordillera Administrative Region,,,1722006
PH,PHL,Philippines (the),1,PH150000000,Autonomous Region in Muslim Mindanao,PH150000000,Autonomous Region in Muslim Mindanao,,,3781387
PH,PHL,Philippines (the),1,PH160000000,Region XIII,PH160000000,Region XIII,,,2596709
PH,PHL,Philippines (the),1,PH170000000,Region IV-B,PH170000000,Region IV-B,,,2963360
KP,PRK,Democratic People's Republic of Korea (the),1,KP01,Ryanggang,KP01,Ryanggang,,,719269
KP,PRK,Democratic People's Republic of Korea (the),1,KP02,North Hamgyong,KP02,North Hamgyong,,,2327362
KP,PRK,Democratic People's Republic of Korea (the),1,KP03,South Hamgyong,KP03,South Hamgyong,,,3066013
KP,PRK,Democratic People's Republic of Korea (the),1,KP04,Kangwon,KP04,Kangwon,,,1477582
KP,PRK,Democratic People's Republic of Korea (the),1,KP05,Jagang,KP05,Jagang,,,1299830
KP,PRK,Democratic People's Republic of Korea (the),1,KP06,North Pyongan,KP06,North Pyongan,,,2740472
KP,PRK,Democratic People's Republic of Korea (the),1,KP07,South Pyongan,KP07,South Pyongan,,,3068036
KP,PRK,Democratic People's Republic of Korea (the),1,KP08,North Hwanghae,KP08,North Hwanghae,,,2353149
KP,PRK,Democratic People's Republic of Korea (the),1,KP09,South Hwanghae,KP09,South Hwanghae,,,2224443
KP,PRK,Democratic People's Republic of Korea (the),1,KP10,Pyongyang,KP10,Pyongyang,,,3015811
KP,PRK,Democratic People's Republic of Korea (the),1,KP11,Nampo,KP11,Nampo,,,983660
PY,PRY,Paraguay,1,PY00,Asuncion,PY00,Asuncion,,,521554
PY,PRY,Paraguay,1,PY01,Concepcion,PY01,Concepcion,,,254975
PY,PRY,Paraguay,1,PY02,San Pedro,PY02,San Pedro,,,435133
PY,PRY,Paraguay,1,PY03,Cordillera,PY03,Cordillera,,,311273
PY,PRY,Paraguay,1,PY04,Guaira,PY04,Guaira,,,227744
PY,PRY,Paraguay,1,PY05,Caaguazu,PY05,Caaguazu,,,563799
PY,PRY,Paraguay,1,PY06,Caazapa,PY06,Caazapa,,,192025
PY,PRY,Paraguay,1,PY07,Itapua,PY07,Itapua,,,616578
PY,PRY,Paraguay,1,PY08,Misiones,PY08,Misiones,,,128138
PY,PRY,Paraguay,1,PY09,Paraguari,PY09,Paraguari,,,258951
PY,PRY,Paraguay,1,PY10,Alto Parana,PY10,Alto Parana,,,830943
PY,PRY,Paraguay,1,PY11,Central,PY11,Central,,,2201112
PY,PRY,Paraguay,1,PY12,Neembucu,PY12,Neembucu,,,90277
PY,PRY,Paraguay,1,PY13,Amambay,PY13,Amambay,,,172171
PY,PRY,Paraguay,1,PY14,Canindeyu,PY14,Canindeyu,,,234981
PY,PRY,Paraguay,1,PY15,Presidente Hayes,PY15,Presidente Hayes,,,127952
PY,PRY,Paraguay,1,PY16,Boqueron,PY16,Boqueron,,,66837
PY,PRY,Paraguay,1,PY17,Alto Paraguay,PY17,Alto Paraguay,,,18229
PS,PSE,State of Palestine,1,PS01,West Bank,PS01,West Bank,,,3188387
PS,PSE,State of Palestine,1,PS02,Gaza Strip,PS02,Gaza Strip,,,2166269
RW,RWA,Rwanda,1,RW1,Kigali City,RW1,Kigali City,,,1257432
RW,RWA,Rwanda,1,RW2,Southern Province,RW2,Southern Province,,,2860151
RW,RWA,Rwanda,1,RW3,Western Province,RW3,Western Province,,,2548534
RW,RWA,Rwanda,1,RW4,Northern Province,RW4,Northern Province,,,1643521
RW,RWA,Rwanda,1,RW5,Eastern Province,RW5,Eastern Province,,,2206335
SD,SDN,Sudan,1,SD01,Khartoum,SD01,Khartoum,,,7993235
SD,SDN,Sudan,1,SD02,North Darfur,SD02,North Darfur,,,2304950
SD,SDN,Sudan,1,SD03,South Darfur,SD03,South Darfur,,,5353025
SD,SDN,Sudan,1,SD04,West Darfur,SD04,West Darfur,,,1775945
SD,SDN,Sudan,1,SD05,East Darfur,SD05,East Darfur,,,1119451
SD,SDN,Sudan,1,SD06,Central Darfur,SD06,Central Darfur,,,2499000
SD,SDN,Sudan,1,SD07,South Kordofan,SD07,South Kordofan,,,2107623
SD,SDN,Sudan,1,SD08,Blue Nile,SD08,Blue Nile,,,1107623
SD,SDN,Sudan,1,SD09,White Nile,SD09,White Nile,,,2493880
SD,SDN,Sudan,1,SD10,Red Sea,SD10,Red Sea,,,1482053
SD,SDN,Sudan,1,SD11,Kassala,SD11,Kassala,,,2519071
SD,SDN,Sudan,1,SD12,Gedaref,SD12,Gedaref,,,2208385
SD,SDN,Sudan,1,SD13,North Kordofan,SD13,North Kordofan,,,3174029
SD,SDN,Sudan,1,SD14,Sennar,SD14,Sennar,,,1918692
SD,SDN,Sudan,1,SD15,Aj Jazirah,SD15,Aj Jazirah,,,5096920
SD,SDN,Sudan,1,SD16,River Nile,SD16,River Nile,,,1511442
SD,SDN,Sudan,1,SD17,Northern,SD17,Northern,,,936255
SD,SDN,Sudan,1,SD18,West Kordofan,SD18,West Kordofan,,,1178537
SD,SDN,Sudan,1,SD19,Abyei Pca,SD19,Abyei Pca,,,124390
SL,SLE,Sierra Leone,1,SL01,Atlantique,SL01,Atlantique,,,1606984
SL,SLE,Sierra Leone,1,SL02,Atacora,SL02,Atacora,,,2796517
SL,SLE,Sierra Leone,1,SL03,Alibori,SL03,Alibori,,,1831156
SL,SLE,Sierra Leone,1,SL04,Borgou,SL04,Borgou,,,1672681
SV,SLV,El Salvador,1,SV01,Ahuachapán,SV01,Ahuachapán,,,365128
SV,SLV,El Salvador,1,SV02,Cabañas,SV02,Cabañas,,,153437
SV,SLV,El Salvador,1,SV03,Chalatenango,SV03,Chalatenango,,,179255
SV,SLV,El Salvador,1,SV04,Cuscatlán,SV04,Cuscatlán,,,266027
SV,SLV,El Salvador,1,SV05,La Libertad,SV05,La Libertad,,,800920
SV,SLV,El Salvador,1,SV06,La Paz,SV06,La Paz,,,357629
SV,SLV,El Salvador,1,SV07,La Unión,SV07,La Unión,,,229871
SV,SLV,El Salvador,1,SV08,Morazán,SV08,Morazán,,,193666
SV,SLV,El Salvador,1,SV09,San Miguel,SV09,San Miguel,,,464558
SV,SLV,El Salvador,1,SV10,San Salvador,SV10,San Salvador,,,1732068
SV,SLV,El Salvador,1,SV11,San Vicente,SV11,San Vicente,,,174223
SV,SLV,El Salvador,1,SV12,Santa Ana,SV12,Santa Ana,,,560355
SV,SLV,El Salvador,1,SV13,Sonsonate,SV13,Sonsonate,,,504581
SV,SLV,El Salvador,1,SV14,Usulután,SV14,Usulután,,,349229
SO,SOM,Somalia,1,SO11,Awdal,SO11,Awdal,,,673264
SO,SOM,Somalia,1,SO12,Woqooyi Galbeed,SO12,Woqooyi Galbeed,,,1242003
SO,SOM,Somalia,1,SO13,Togdheer,SO13,Togdheer,,,721363
SO,SOM,Somalia,1,SO14,Sool,SO14,Sool,,,327427
SO,SOM,Somalia,1,SO15,Sanaag,SO15,Sanaag,,,544123
SO,SOM,Somalia,1,SO16,Bari,SO16,Bari,,,730147
SO,SOM,Somalia,1,SO17,Nugaal,SO17,Nugaal,,,392697
SO,SOM,Somalia,1,SO18,Mudug,SO18,Mudug,,,717862
SO,SOM,Somalia,1,SO19,Galgaduud,SO19,Galgaduud,,,569434
SO,SOM,Somalia,1,SO20,Hiraan,SO20,Hiraan,,,520686
SO,SOM,Somalia,1,SO21,Middle Shabelle,SO21,Middle Shabelle,,,516035
SO,SOM,Somalia,1,SO22,Banadir,SO22,Banadir,,,1650228
SO,SOM,Somalia,1,SO23,Lower Shabelle,SO23,Lower Shabelle,,,1202219
SO,SOM,Somalia,1,SO24,Bay,SO24,Bay,,,792182
SO,SOM,Somalia,1,SO25,Bakool,SO25,Bakool,,,367227
SO,SOM,Somalia,1,SO26,Gedo,SO26,Gedo,,,508403
SO,SOM,Somalia,1,SO27,Middle Juba,SO27,Middle Juba,,,362921
SO,SOM,Somalia,1,SO28,Lower Juba,SO28,Lower Juba,,,489307
SO,SOM,Somalia,2,SO1101,Borama,SO11,Awdal,SO1101,Borama,398609
SO,SOM,Somalia,2,SO1102,Baki,SO11,Awdal,SO1102,Baki,96885
SO,SOM,Somalia,2,SO1103,Lughaye,SO11,Awdal,SO1103,Lughaye,100819
SO,SOM,Somalia,2,SO1104,Zeylac,SO11,Awdal,SO1104,Zeylac,76951
SO,SOM,Somalia,2,SO1201,Hargeysa,SO12,Woqooyi Galbeed,SO1201,Hargeysa,959081
SO,SOM,Somalia,2,SO1202,Berbera,SO12,Woqooyi Galbeed,SO1202,Berbera,176008
SO,SOM,Somalia,2,SO1203,Gebiley,SO12,Woqooyi Galbeed,SO1203,Gebiley,106914
SO,SOM,Somalia,2,SO1301,Burco,SO13,Togdheer,SO1301,Burco,460354
SO,SOM,Somalia,2,SO1302,Buuhoodle,SO13,Togdheer,SO1302,Buuhoodle,83747
SO,SOM,Somalia,2,SO1303,Owdweyne,SO13,Togdheer,SO1303,Owdweyne,101358
SO,SOM,Somalia,2,SO1304,Sheikh,SO13,Togdheer,SO1304,Sheikh,75904
SO,SOM,Somalia,2,SO1401,Laas Caanood,SO14,Sool,SO1401,Laas Caanood,156438
SO,SOM,Somalia,2,SO1402,Caynabo,SO14,Sool,SO1402,Caynabo,59080
SO,SOM,Somalia,2,SO1403,Taleex,SO14,Sool,SO1403,Taleex,73529
SO,SOM,Somalia,2,SO1404,Xudun,SO14,Sool,SO1404,Xudun,38380
SO,SOM,Somalia,2,SO1501,Ceerigaabo,SO15,Sanaag,SO1501,Ceerigaabo,205318
SO,SOM,Somalia,2,SO1502,Ceel Afweyn,SO15,Sanaag,SO1502,Ceel Afweyn,99950
SO,SOM,Somalia,2,SO1503,Laasqoray,SO15,Sanaag,SO1503,Laasqoray,238855
SO,SOM,Somalia,2,SO1601,Bossaso,SO16,Bari,SO1601,Bossaso,469566
SO,SOM,Somalia,2,SO1602,Bandarbayla,SO16,Bari,SO1602,Bandarbayla,15481
SO,SOM,Somalia,2,SO1603,Caluula,SO16,Bari,SO1603,Caluula,48986
SO,SOM,Somalia,2,SO1604,Iskushuban,SO16,Bari,SO1604,Iskushuban,58415
SO,SOM,Somalia,2,SO1605,Qandala,SO16,Bari,SO1605,Qandala,52111
SO,SOM,Somalia,2,SO1606,Qardho,SO16,Bari,SO1606,Qardho,85588
SO,SOM,Somalia,2,SO1701,Garoowe,SO17,Nugaal,SO1701,Garoowe,246702
SO,SOM,Somalia,2,SO1702,Burtinle,SO17,Nugaal,SO1702,Burtinle,64963
SO,SOM,Somalia,2,SO1703,Eyl,SO17,Nugaal,SO1703,Eyl,81032
SO,SOM,Somalia,2,SO1801,Gaalkacyo,SO18,Mudug,SO1801,Gaalkacyo,389194
SO,SOM,Somalia,2,SO1802,Galdogob,SO18,Mudug,SO1802,Galdogob,79595
SO,SOM,Somalia,2,SO1803,Hobyo,SO18,Mudug,SO1803,Hobyo,115222
SO,SOM,Somalia,2,SO1804,Jariiban,SO18,Mudug,SO1804,Jariiban,81890
SO,SOM,Somalia,2,SO1805,Xarardheere,SO18,Mudug,SO1805,Xarardheere,51961
SO,SOM,Somalia,2,SO1901,Dhuusamarreeb,SO19,Galgaduud,SO1901,Dhuusamarreeb,144407
SO,SOM,Somalia,2,SO1902,Cabudwaaq,SO19,Galgaduud,SO1902,Cabudwaaq,101959
SO,SOM,Somalia,2,SO1903,Cadaado,SO19,Galgaduud,SO1903,Cadaado,129588
SO,SOM,Somalia,2,SO1904,Ceel Buur,SO19,Galgaduud,SO1904,Ceel Buur,83610
SO,SOM,Somalia,2,SO1905,Ceel Dheer,SO19,Galgaduud,SO1905,Ceel Dheer,109870
SO,SOM,Somalia,2,SO2001,Belet Weyne,SO20,Hiraan,SO2001,Belet Weyne,235214
SO,SOM,Somalia,2,SO2002,Bulo Burto,SO20,Hiraan,SO2002,Bulo Burto,138283
SO,SOM,Somalia,2,SO2003,Jalalaqsi,SO20,Hiraan,SO2003,Jalalaqsi,147189
SO,SOM,Somalia,2,SO2101,Jowhar,SO21,Middle Shabelle,SO2101,Jowhar,179097
SO,SOM,Somalia,2,SO2102,Adan Yabaal,SO21,Middle Shabelle,SO2102,Adan Yabaal,37781
SO,SOM,Somalia,2,SO2103,Balcad,SO21,Middle Shabelle,SO2103,Balcad,212261
SO,SOM,Somalia,2,SO2104,Cadale,SO21,Middle Shabelle,SO2104,Cadale,86896
SO,SOM,Somalia,2,SO2201,Banadir,SO22,Banadir,SO2201,Banadir,1650228
SO,SOM,Somalia,2,SO2301,Marka,SO23,Lower Shabelle,SO2301,Marka,198301
SO,SOM,Somalia,2,SO2302,Afgooye,SO23,Lower Shabelle,SO2302,Afgooye,238655
SO,SOM,Somalia,2,SO2303,Baraawe,SO23,Lower Shabelle,SO2303,Baraawe,74072
SO,SOM,Somalia,2,SO2304,Kurtunwaarey,SO23,Lower Shabelle,SO2304,Kurtunwaarey,262317
SO,SOM,Somalia,2,SO2305,Qoryooley,SO23,Lower Shabelle,SO2305,Qoryooley,292392
SO,SOM,Somalia,2,SO2306,Sablaale,SO23,Lower Shabelle,SO2306,Sablaale,23447
SO,SOM,Somalia,2,SO2307,Wanla Weyn,SO23,Lower Shabelle,SO2307,Wanla Weyn,113035
SO,SOM,Somalia,2,SO2401,Baidoa,SO24,Bay,SO2401,Baidoa,315679
SO,SOM,Somalia,2,SO2402,Buur Hakaba,SO24,Bay,SO2402,Buur Hakaba,197198
SO,SOM,Somalia,2,SO2403,Diinsoor,SO24,Bay,SO2403,Diinsoor,174932
SO,SOM,Somalia,2,SO2404,Qansax Dheere,SO24,Bay,SO2404,Qansax Dheere,104373
SO,SOM,Somalia,2,SO2501,Xudur,SO25,Bakool,SO2501,Xudur,108902
SO,SOM,Somalia,2,SO2502,Ceel Barde,SO25,Bakool,SO2502,Ceel Barde,59129
SO,SOM,Somalia,2,SO2503,Tayeeglow,SO25,Bakool,SO2503,Tayeeglow,73675
SO,SOM,Somalia,2,SO2504,Waajid,SO25,Bakool,SO2504,Waajid,87869
SO,SOM,Somalia,2,SO2505,Rab Dhuure,SO25,Bakool,SO2505,Rab Dhuure,37652
SO,SOM,Somalia,2,SO2601,Garbahaarey,SO26,Gedo,SO2601,Garbahaarey,76952
SO,SOM,Somalia,2,SO2602,Baardheere,SO26,Gedo,SO2602,Baardheere,177384
SO,SOM,Somalia,2,SO2603,Belet Xaawo,SO26,Gedo,SO2603,Belet Xaawo,83116
SO,SOM,Somalia,2,SO2604,Ceel Waaq,SO26,Gedo,SO2604,Ceel Waaq,60046
SO,SOM,Somalia,2,SO2605,Doolow,SO26,Gedo,SO2605,Doolow,41245
SO,SOM,Somalia,2,SO2606,Luuq,SO26,Gedo,SO2606,Luuq,69660
SO,SOM,Somalia,2,SO2701,Bu'aale,SO27,Middle Juba,SO2701,Bu'aale,108986
SO,SOM,Somalia,2,SO2702,Jilib ,SO27,Middle Juba,SO2702,Jilib ,174819
SO,SOM,Somalia,2,SO2703,Saakow,SO27,Middle Juba,SO2703,Saakow,79116
SO,SOM,Somalia,2,SO2801,Kismaayo,SO28,Lower Juba,SO2801,Kismaayo,162733
SO,SOM,Somalia,2,SO2802,Afmadow,SO28,Lower Juba,SO2802,Afmadow,172485
SO,SOM,Somalia,2,SO2803,Badhaadhe,SO28,Lower Juba,SO2803,Badhaadhe,56178
SO,SOM,Somalia,2,SO2804,Jamaame,SO28,Lower Juba,SO2804,Jamaame,97911
SS,SSD,South Sudan,1,SS01,Central Equatoria,SS01,Central Equatoria,,,1100160
SS,SSD,South Sudan,1,SS02,Eastern Equatoria,SS02,Eastern Equatoria,,,1031669
SS,SSD,South Sudan,1,SS03,Jonglei,SS03,Jonglei,,,1810242
SS,SSD,South Sudan,1,SS04,Lakes,SS04,Lakes,,,1271982
SS,SSD,South Sudan,1,SS05,Northern Bahr El Ghazal,SS05,Northern Bahr El Ghazal,,,1454815
SS,SSD,South Sudan,1,SS06,Unity,SS06,Unity,,,886295
SS,SSD,South Sudan,1,SS07,Upper Nile,SS07,Upper Nile,,,1033739
SS,SSD,South Sudan,1,SS08,Warrap,SS08,Warrap,,,1443023
SS,SSD,South Sudan,1,SS09,Western Bahr El Ghazal,SS09,Western Bahr El Ghazal,,,562485
SS,SSD,South Sudan,1,SS10,Western Equatoria,SS10,Western Equatoria,,,790729
SY,SYR,Syrian Arab Republic,1,SY01,Damascus,SY01,Damascus,,,1711000
SY,SYR,Syrian Arab Republic,1,SY02,Aleppo,SY02,Aleppo,,,4600166
SY,SYR,Syrian Arab Republic,1,SY03,Rural Damascus,SY03,Rural Damascus,,,2836000
SY,SYR,Syrian Arab Republic,1,SY04,Homs,SY04,Homs,,,1762500
SY,SYR,Syrian Arab Republic,1,SY05,Hama,SY05,Hama,,,1593000
SY,SYR,Syrian Arab Republic,1,SY06,Lattakia,SY06,Lattakia,,,1278486
SY,SYR,Syrian Arab Republic,1,SY07,Idleb,SY07,Idleb,,,1464000
SY,SYR,Syrian Arab Republic,1,SY08,Al Hasakeh,SY08,Al Hasakeh,,,1512000
SY,SYR,Syrian Arab Republic,1,SY09,Deir Ez Zor,SY09,Deir Ez Zor,,,1200500
SY,SYR,Syrian Arab Republic,1,SY10,Tartous,SY10,Tartous,,,785000
SY,SYR,Syrian Arab Republic,1,SY11,Ar Raqqa,SY11,Ar Raqqa,,,919000
SY,SYR,Syrian Arab Republic,1,SY12,Dara,SY12,Dara,,,998000
SY,SYR,Syrian Arab Republic,1,SY13,As Sweida,SY13,As Sweida,,,364000
SY,SYR,Syrian Arab Republic,1,SY14,Quneitra,SY14,Quneitra,,,87000
TD,TCD,Chad,1,TD01,Batha,TD01,Batha,,,709823
TD,TCD,Chad,1,TD02,Borkou,TD02,Borkou,,,142103
TD,TCD,Chad,1,TD03,Chari-Baguirmi,TD03,Chari-Baguirmi,,,869572
TD,TCD,Chad,1,TD04,Guéra,TD04,Guéra,,,654240
TD,TCD,Chad,1,TD05,Hadjer-Lamis,TD05,Hadjer-Lamis,,,846046
TD,TCD,Chad,1,TD06,Kanem,TD06,Kanem,,,512704
TD,TCD,Chad,1,TD07,Lac,TD07,Lac,,,657165
TD,TCD,Chad,1,TD08,Logone Occidental,TD08,Logone Occidental,,,1062453
TD,TCD,Chad,1,TD09,Logone Oriental,TD09,Logone Oriental,,,1194791
TD,TCD,Chad,1,TD10,Mandoul,TD10,Mandoul,,,955205
TD,TCD,Chad,1,TD11,Mayo-Kebbi Est,TD11,Mayo-Kebbi Est,,,1179900
TD,TCD,Chad,1,TD12,Mayo-Kebbi Ouest,TD12,Mayo-Kebbi Ouest,,,869891
TD,TCD,Chad,1,TD13,Moyen-Chari,TD13,Moyen-Chari,,,903210
TD,TCD,Chad,1,TD14,Ouaddaï,TD14,Ouaddaï,,,1099920
TD,TCD,Chad,1,TD15,Salamat,TD15,Salamat,,,463552
TD,TCD,Chad,1,TD16,Tandjilé,TD16,Tandjilé,,,1025059
TD,TCD,Chad,1,TD17,Wadi Fira,TD17,Wadi Fira,,,776601
TD,TCD,Chad,1,TD18,N'Djamena,TD18,N'Djamena,,,1638389
TD,TCD,Chad,1,TD19,Barh-El-Gazel,TD19,Barh-El-Gazel,,,384263
TD,TCD,Chad,1,TD20,Ennedi Est,TD20,Ennedi Est,,,162678
TD,TCD,Chad,1,TD21,Sila,TD21,Sila,,,580047
TD,TCD,Chad,1,TD22,Tibesti,TD22,Tibesti,,,38878
TD,TCD,Chad,1,TD23,Ennedi Ouest,TD23,Ennedi Ouest,,,91903
TG,TGO,Togo,1,TG01,Centrale,TG01,Centrale,,,760046
TG,TGO,Togo,1,TG02,Kara,TG02,Kara,,,946784
TG,TGO,Togo,1,TG03,Maritime,TG03,Maritime,,,3217371
TG,TGO,Togo,1,TG04,Plateaux,TG04,Plateaux,,,1686476
TG,TGO,Togo,1,TG05,Savanes,TG05,Savanes,,,1006609
TT,TTO,Trinidad and Tobago,1,TT10,Port Of Spain,TT10,Port Of Spain,,,37073
TT,TTO,Trinidad and Tobago,1,TT20,San Fernando,TT20,San Fernando,,,48837
TT,TTO,Trinidad and Tobago,1,TT30,Arima,TT30,Arima,,,33608
TT,TTO,Trinidad and Tobago,1,TT31,Diego Martin,TT31,Diego Martin,,,102961
TT,TTO,Trinidad and Tobago,1,TT32,San Juan Laventille,TT32,San Juan Laventille,,,157261
TT,TTO,Trinidad and Tobago,1,TT33,Tunapuna Piarco,TT33,Tunapuna Piarco,,,215120
TT,TTO,Trinidad and Tobago,1,TT36,Couva Tabaquite Talparo,TT36,Couva Tabaquite Talparo,,,178409
TT,TTO,Trinidad and Tobago,1,TT40,Chaguanas,TT40,Chaguanas,,,83518
TT,TTO,Trinidad and Tobago,1,TT51,Mayaro Rio Claro,TT51,Mayaro Rio Claro,,,35651
TT,TTO,Trinidad and Tobago,1,TT61,Sangre Grande,TT61,Sangre Grande,,,75765
TT,TTO,Trinidad and Tobago,1,TT71,Princes Town,TT71,Princes Town,,,102374
TT,TTO,Trinidad and Tobago,1,TT72,Penal Debe,TT72,Penal Debe,,,89388
TT,TTO,Trinidad and Tobago,1,TT80,Point Fortin,TT80,Point Fortin,,,20234
TT,TTO,Trinidad and Tobago,1,TT81,Siparia,TT81,Siparia,,,86949
TT,TTO,Trinidad and Tobago,1,TT90,Tobago,TT90,Tobago,,,60874
TZ,TZA,United Republic of Tanzania,1,TZ01,Dodoma,TZ01,Dodoma,,,2083588
TZ,TZA,United Republic of Tanzania,1,TZ02,Arusha,TZ02,Arusha,,,1694310
TZ,TZA,United Republic of Tanzania,1,TZ03,Kilimanjaro,TZ03,Kilimanjaro,,,1640087
TZ,TZA,United Republic of Tanzania,1,TZ04,Tanga,TZ04,Tanga,,,2045205
TZ,TZA,United Republic of Tanzania,1,TZ05,Morogoro,TZ05,Morogoro,,,2218492
TZ,TZA,United Republic of Tanzania,1,TZ06,Pwani,TZ06,Pwani,,,1098668
TZ,TZA,United Republic of Tanzania,1,TZ07,Dar Es Salaam,TZ07,Dar Es Salaam,,,4364541
TZ,TZA,United Republic of Tanzania,1,TZ08,Lindi,TZ08,Lindi,,,864652
TZ,TZA,United Republic of Tanzania,1,TZ09,Mtwara,TZ09,Mtwara,,,1270854
TZ,TZA,United Republic of Tanzania,1,TZ10,Ruvuma,TZ10,Ruvuma,,,1376891
TZ,TZA,United Republic of Tanzania,1,TZ11,Iringa,TZ11,Iringa,,,941238
TZ,TZA,United Republic of Tanzania,1,TZ12,Mbeya,TZ12,Mbeya,,,1708548
TZ,TZA,United Republic of Tanzania,1,TZ13,Singida,TZ13,Singida,,,1370637
TZ,TZA,United Republic of Tanzania,1,TZ14,Tabora,TZ14,Tabora,,,2291623
TZ,TZA,United Republic of Tanzania,1,TZ15,Rukwa,TZ15,Rukwa,,,1004539
TZ,TZA,United Republic of Tanzania,1,TZ16,Kigoma,TZ16,Kigoma,,,2127930
TZ,TZA,United Republic of Tanzania,1,TZ17,Shinyanga,TZ17,Shinyanga,,,1534808
TZ,TZA,United Republic of Tanzania,1,TZ18,Kagera,TZ18,Kagera,,,2458023
TZ,TZA,United Republic of Tanzania,1,TZ19,Mwanza,TZ19,Mwanza,,,2772509
TZ,TZA,United Republic of Tanzania,1,TZ20,Mara,TZ20,Mara,,,1743830
TZ,TZA,United Republic of Tanzania,1,TZ21,Manyara,TZ21,Manyara,,,1425131
TZ,TZA,United Republic of Tanzania,1,TZ22,Njombe,TZ22,Njombe,,,702097
TZ,TZA,United Republic of Tanzania,1,TZ23,Katavi,TZ23,Katavi,,,564604
TZ,TZA,United Republic of Tanzania,1,TZ24,Simiyu,TZ24,Simiyu,,,1584157
TZ,TZA,United Republic of Tanzania,1,TZ25,Geita,TZ25,Geita,,,1739530
TZ,TZA,United Republic of Tanzania,1,TZ26,Songwe,TZ26,Songwe,,,998862
TZ,TZA,United Republic of Tanzania,1,TZ51,Kaskazini Unguja,TZ51,Kaskazini Unguja,,,187455
TZ,TZA,United Republic of Tanzania,1,TZ52,Kusini Unguja,TZ52,Kusini Unguja,,,115588
TZ,TZA,United Republic of Tanzania,1,TZ53,Mjini Magharibi,TZ53,Mjini Magharibi,,,593678
TZ,TZA,United Republic of Tanzania,1,TZ54,Kaskazini Pemba,TZ54,Kaskazini Pemba,,,211732
TZ,TZA,United Republic of Tanzania,1,TZ55,Kusini Pemba,TZ55,Kusini Pemba,,,195116
UG,UGA,Uganda,1,UG101,Kalangala,UG101,Kalangala,,,54293
UG,UGA,Uganda,1,UG102,Kampala,UG102,Kampala,,,1507080
UG,UGA,Uganda,1,UG103,Kiboga,UG103,Kiboga,,,148218
UG,UGA,Uganda,1,UG104,Luwero,UG104,Luwero,,,456958
UG,UGA,Uganda,1,UG105,Masaka,UG105,Masaka,,,297004
UG,UGA,Uganda,1,UG106,Mpigi,UG106,Mpigi,,,250548
UG,UGA,Uganda,1,UG107,Mubende,UG107,Mubende,,,684348
UG,UGA,Uganda,1,UG108,Mukono,UG108,Mukono,,,596804
UG,UGA,Uganda,1,UG109,Nakasongola,UG109,Nakasongola,,,181795
UG,UGA,Uganda,1,UG110,Rakai,UG110,Rakai,,,291431
UG,UGA,Uganda,1,UG111,Ssembabule,UG111,Ssembabule,,,252597
UG,UGA,Uganda,1,UG112,Kayunga,UG112,Kayunga,,,368062
UG,UGA,Uganda,1,UG113,Wakiso,UG113,Wakiso,,,1997418
UG,UGA,Uganda,1,UG114,Lyantonde,UG114,Lyantonde,,,93753
UG,UGA,Uganda,1,UG115,Mityana,UG115,Mityana,,,328964
UG,UGA,Uganda,1,UG116,Nakaseke,UG116,Nakaseke,,,197373
UG,UGA,Uganda,1,UG117,Buikwe,UG117,Buikwe,,,422771
UG,UGA,Uganda,1,UG118,Bukomansimbi,UG118,Bukomansimbi,,,151413
UG,UGA,Uganda,1,UG119,Butambala,UG119,Butambala,,,100840
UG,UGA,Uganda,1,UG120,Buvuma,UG120,Buvuma,,,89890
UG,UGA,Uganda,1,UG121,Gomba,UG121,Gomba,,,159922
UG,UGA,Uganda,1,UG122,Kalungu,UG122,Kalungu,,,183232
UG,UGA,Uganda,1,UG123,Kyankwanzi,UG123,Kyankwanzi,,,214693
UG,UGA,Uganda,1,UG124,Lwengo,UG124,Lwengo,,,274953
UG,UGA,Uganda,1,UG125,Kyotara,UG125,Kyotara,,,224878
UG,UGA,Uganda,1,UG201,Bugiri,UG201,Bugiri,,,382913
UG,UGA,Uganda,1,UG202,Busia,UG202,Busia,,,323662
UG,UGA,Uganda,1,UG203,Iganga,UG203,Iganga,,,504197
UG,UGA,Uganda,1,UG204,Jinja,UG204,Jinja,,,471242
UG,UGA,Uganda,1,UG205,Kamuli,UG205,Kamuli,,,486319
UG,UGA,Uganda,1,UG206,Kapchorwa,UG206,Kapchorwa,,,105186
UG,UGA,Uganda,1,UG207,Katakwi,UG207,Katakwi,,,166231
UG,UGA,Uganda,1,UG208,Kumi,UG208,Kumi,,,239268
UG,UGA,Uganda,1,UG209,Mbale,UG209,Mbale,,,488960
UG,UGA,Uganda,1,UG210,Pallisa,UG210,Pallisa,,,241919
UG,UGA,Uganda,1,UG211,Soroti,UG211,Soroti,,,296833
UG,UGA,Uganda,1,UG212,Tororo,UG212,Tororo,,,517080
UG,UGA,Uganda,1,UG213,Kaberamaido,UG213,Kaberamaido,,,215026
UG,UGA,Uganda,1,UG214,Mayuge,UG214,Mayuge,,,473239
UG,UGA,Uganda,1,UG215,Sironko,UG215,Sironko,,,242421
UG,UGA,Uganda,1,UG216,Amuria,UG216,Amuria,,,270928
UG,UGA,Uganda,1,UG217,Budaka,UG217,Budaka,,,207597
UG,UGA,Uganda,1,UG218,Bududa,UG218,Bududa,,,210173
UG,UGA,Uganda,1,UG219,Bukedea,UG219,Bukedea,,,203600
UG,UGA,Uganda,1,UG220,Bukwo,UG220,Bukwo,,,89356
UG,UGA,Uganda,1,UG221,Butaleja,UG221,Butaleja,,,244153
UG,UGA,Uganda,1,UG222,Kaliro,UG222,Kaliro,,,236199
UG,UGA,Uganda,1,UG223,Manafwa,UG223,Manafwa,,,149544
UG,UGA,Uganda,1,UG224,Namutumba,UG224,Namutumba,,,252557
UG,UGA,Uganda,1,UG225,Bulambuli,UG225,Bulambuli,,,174513
UG,UGA,Uganda,1,UG226,Buyende,UG226,Buyende,,,323067
UG,UGA,Uganda,1,UG227,Kibuku,UG227,Kibuku,,,202033
UG,UGA,Uganda,1,UG228,Kween,UG228,Kween,,,93667
UG,UGA,Uganda,1,UG229,Luuka,UG229,Luuka,,,238020
UG,UGA,Uganda,1,UG230,Namayingo,UG230,Namayingo,,,215443
UG,UGA,Uganda,1,UG231,Ngora,UG231,Ngora,,,141919
UG,UGA,Uganda,1,UG232,Serere,UG232,Serere,,,285903
UG,UGA,Uganda,1,UG233,Butebo,UG233,Butebo,,,144971
UG,UGA,Uganda,1,UG234,Namisindwa,UG234,Namisindwa,,,204281
UG,UGA,Uganda,1,UG301,Adjumani,UG301,Adjumani,,,225251
UG,UGA,Uganda,1,UG302,Apac,UG302,Apac,,,368626
UG,UGA,Uganda,1,UG303,Arua,UG303,Arua,,,782077
UG,UGA,Uganda,1,UG304,Gulu,UG304,Gulu,,,275613
UG,UGA,Uganda,1,UG305,Kitgum,UG305,Kitgum,,,204048
UG,UGA,Uganda,1,UG306,Kotido,UG306,Kotido,,,181050
UG,UGA,Uganda,1,UG307,Lira,UG307,Lira,,,408043
UG,UGA,Uganda,1,UG308,Moroto,UG308,Moroto,,,103432
UG,UGA,Uganda,1,UG309,Moyo,UG309,Moyo,,,139012
UG,UGA,Uganda,1,UG310,Nebbi,UG310,Nebbi,,,238757
UG,UGA,Uganda,1,UG311,Nakapiripirit,UG311,Nakapiripirit,,,156690
UG,UGA,Uganda,1,UG312,Pader,UG312,Pader,,,178004
UG,UGA,Uganda,1,UG313,Yumbe,UG313,Yumbe,,,484822
UG,UGA,Uganda,1,UG314,Abim,UG314,Abim,,,107966
UG,UGA,Uganda,1,UG315,Amolatar,UG315,Amolatar,,,147166
UG,UGA,Uganda,1,UG316,Amuru,UG316,Amuru,,,186696
UG,UGA,Uganda,1,UG317,Dokolo,UG317,Dokolo,,,183093
UG,UGA,Uganda,1,UG318,Kaabong,UG318,Kaabong,,,167879
UG,UGA,Uganda,1,UG319,Koboko,UG319,Koboko,,,206495
UG,UGA,Uganda,1,UG320,Maracha,UG320,Maracha,,,186134
UG,UGA,Uganda,1,UG321,Oyam,UG321,Oyam,,,383644
UG,UGA,Uganda,1,UG322,Agago,UG322,Agago,,,227792
UG,UGA,Uganda,1,UG323,Alebtong,UG323,Alebtong,,,227541
UG,UGA,Uganda,1,UG324,Amudat,UG324,Amudat,,,105769
UG,UGA,Uganda,1,UG325,Kole,UG325,Kole,,,239327
UG,UGA,Uganda,1,UG326,Lamwo,UG326,Lamwo,,,134371
UG,UGA,Uganda,1,UG327,Napak,UG327,Napak,,,142224
UG,UGA,Uganda,1,UG328,Nwoya,UG328,Nwoya,,,133506
UG,UGA,Uganda,1,UG329,Otuke,UG329,Otuke,,,104254
UG,UGA,Uganda,1,UG330,Zombo,UG330,Zombo,,,240081
UG,UGA,Uganda,1,UG331,Omoro,UG331,Omoro,,,160732
UG,UGA,Uganda,1,UG332,Pakwach,UG332,Pakwach,,,158037
UG,UGA,Uganda,1,UG401,Bundibugyo,UG401,Bundibugyo,,,224387
UG,UGA,Uganda,1,UG402,Bushenyi,UG402,Bushenyi,,,234443
UG,UGA,Uganda,1,UG404,Kabale,UG404,Kabale,,,230609
UG,UGA,Uganda,1,UG405,Kabarole,UG405,Kabarole,,,298989
UG,UGA,Uganda,1,UG406,Kasese,UG406,Kasese,,,694987
UG,UGA,Uganda,1,UG407,Kibaale,UG407,Kibaale,,,140947
UG,UGA,Uganda,1,UG408,Kisoro,UG408,Kisoro,,,281705
UG,UGA,Uganda,1,UG409,Masindi,UG409,Masindi,,,291113
UG,UGA,Uganda,1,UG410,Mbarara,UG410,Mbarara,,,472629
UG,UGA,Uganda,1,UG411,Ntungamo,UG411,Ntungamo,,,483841
UG,UGA,Uganda,1,UG412,Rukungiri,UG412,Rukungiri,,,314694
UG,UGA,Uganda,1,UG413,Kamwenge,UG413,Kamwenge,,,414454
UG,UGA,Uganda,1,UG414,Kanungu,UG414,Kanungu,,,252144
UG,UGA,Uganda,1,UG415,Kyenjojo,UG415,Kyenjojo,,,422204
UG,UGA,Uganda,1,UG416,Buliisa,UG416,Buliisa,,,113161
UG,UGA,Uganda,1,UG417,Ibanda,UG417,Ibanda,,,249625
UG,UGA,Uganda,1,UG418,Isingiro,UG418,Isingiro,,,486360
UG,UGA,Uganda,1,UG419,Kiruhura,UG419,Kiruhura,,,328077
UG,UGA,Uganda,1,UG420,Buhweju,UG420,Buhweju,,,120720
UG,UGA,Uganda,1,UG421,Kiryandongo,UG421,Kiryandongo,,,266197
UG,UGA,Uganda,1,UG422,Kyegegwa,UG422,Kyegegwa,,,281637
UG,UGA,Uganda,1,UG423,Mitooma,UG423,Mitooma,,,183444
UG,UGA,Uganda,1,UG424,Ntoroko,UG424,Ntoroko,,,67005
UG,UGA,Uganda,1,UG425,Rubirizi,UG425,Rubirizi,,,129149
UG,UGA,Uganda,1,UG426,Sheema,UG426,Sheema,,,207343
UG,UGA,Uganda,1,UG427,Kagadi,UG427,Kagadi,,,351033
UG,UGA,Uganda,1,UG428,Kakumiro,UG428,Kakumiro,,,293108
UG,UGA,Uganda,1,UG429,Rubanda,UG429,Rubanda,,,196896
UG,UGA,Uganda,1,UG430,Bunyangabu,UG430,Bunyangabu,,,170247
UG,UGA,Uganda,1,UG431,Rukiga,UG431,Rukiga,,,100726
UG,UGA,Uganda,1,UG432,Hoima,UG432,Hoima,,,572986
UA,UKR,Ukraine,1,UA01,Avtonomna Respublika Krym,UA01,Avtonomna Respublika Krym,,,1941905
UA,UKR,Ukraine,1,UA05,Vinnytska,UA05,Vinnytska,,,1538331
UA,UKR,Ukraine,1,UA07,Volynska,UA07,Volynska,,,1028693
UA,UKR,Ukraine,1,UA12,Dnipropetrovska,UA12,Dnipropetrovska,,,3173339
UA,UKR,Ukraine,1,UA14,Donetska,UA14,Donetska,,,4118923
UA,UKR,Ukraine,1,UA18,Zhytomyrska,UA18,Zhytomyrska,,,1208981
UA,UKR,Ukraine,1,UA21,Zakarpatska,UA21,Zakarpatska,,,1250958
UA,UKR,Ukraine,1,UA23,Zaporizka,UA23,Zaporizka,,,1686612
UA,UKR,Ukraine,1,UA26,Ivano Frankivska,UA26,Ivano Frankivska,,,1365371
UA,UKR,Ukraine,1,UA32,Kyivska,UA32,Kyivska,,,1775265
UA,UKR,Ukraine,1,UA35,Kirovohradska,UA35,Kirovohradska,,,926694
UA,UKR,Ukraine,1,UA44,Luhanska,UA44,Luhanska,,,2131316
UA,UKR,Ukraine,1,UA46,Lvivska,UA46,Lvivska,,,2493714
UA,UKR,Ukraine,1,UA48,Mykolaivska,UA48,Mykolaivska,,,1119147
UA,UKR,Ukraine,1,UA51,Odeska,UA51,Odeska,,,2366170
UA,UKR,Ukraine,1,UA53,Poltavska,UA53,Poltavska,,,1379140
UA,UKR,Ukraine,1,UA56,Rivnenska,UA56,Rivnenska,,,1151901
UA,UKR,Ukraine,1,UA59,Sumska,UA59,Sumska,,,1066055
UA,UKR,Ukraine,1,UA61,Ternopilska,UA61,Ternopilska,,,1035444
UA,UKR,Ukraine,1,UA63,Kharkivska,UA63,Kharkivska,,,2642825
UA,UKR,Ukraine,1,UA65,Khersonska,UA65,Khersonska,,,1026481
UA,UKR,Ukraine,1,UA68,Khmelnytska,UA68,Khmelnytska,,,1251539
UA,UKR,Ukraine,1,UA71,Cherkaska,UA71,Cherkaska,,,1188508
UA,UKR,Ukraine,1,UA73,Chernivetska,UA73,Chernivetska,,,898567
UA,UKR,Ukraine,1,UA74,Chernihivska,UA74,Chernihivska,,,982752
UA,UKR,Ukraine,1,UA80,Kyivska,UA80,Kyivska,,,2926053
UA,UKR,Ukraine,1,UA85,Sevastopilska,UA85,Sevastopilska,,,391460
UY,URY,Uruguay,1,UY01,Artigas,UY01,Artigas,,,74075
UY,URY,Uruguay,1,UY02,Canelones,UY02,Canelones,,,603750
UY,URY,Uruguay,1,UY03,Cerro Largo,UY03,Cerro Largo,,,89630
UY,URY,Uruguay,1,UY04,Colonia,UY04,Colonia,,,131297
UY,URY,Uruguay,1,UY05,Durazno,UY05,Durazno,,,58975
UY,URY,Uruguay,1,UY06,Flores,UY06,Flores,,,26485
UY,URY,Uruguay,1,UY07,Florida,UY07,Florida,,,69324
UY,URY,Uruguay,1,UY08,Lavalleja,UY08,Lavalleja,,,58699
UY,URY,Uruguay,1,UY09,Maldonado,UY09,Maldonado,,,195005
UY,URY,Uruguay,1,UY10,Montevideo,UY10,Montevideo,,,1383135
UY,URY,Uruguay,1,UY11,Paysandu,UY11,Paysandu,,,119882
UY,URY,Uruguay,1,UY12,Rio Negro,UY12,Rio Negro,,,58308
UY,URY,Uruguay,1,UY13,Rivera,UY13,Rivera,,,109039
UY,URY,Uruguay,1,UY14,Rocha,UY14,Rocha,,,74238
UY,URY,Uruguay,1,UY15,Salto,UY15,Salto,,,133707
UY,URY,Uruguay,1,UY16,San Jose,UY16,San Jose,,,118270
UY,URY,Uruguay,1,UY17,Soriano,UY17,Soriano,,,83714
UY,URY,Uruguay,1,UY18,Tacuarembo,UY18,Tacuarembo,,,92894
UY,URY,Uruguay,1,UY19,Treinta Y Tres,UY19,Treinta Y Tres,,,50485
VE,VEN,Venezuela (Bolivarian Republic of),1,VE01,Distrito Capital,VE01,Distrito Capital,,,1943901
VE,VEN,Venezuela (Bolivarian Republic of),1,VE02,Amazonas,VE02,Amazonas,,,146480
VE,VEN,Venezuela (Bolivarian Republic of),1,VE03,Anzoátegui,VE03,Anzoátegui,,,1469747
VE,VEN,Venezuela (Bolivarian Republic of),1,VE04,Apure,VE04,Apure,,,459025
VE,VEN,Venezuela (Bolivarian Republic of),1,VE05,Aragua,VE05,Aragua,,,1630308
VE,VEN,Venezuela (Bolivarian Republic of),1,VE06,Barinas,VE06,Barinas,,,816264
VE,VEN,Venezuela (Bolivarian Republic of),1,VE07,Bolívar,VE07,Bolívar,,,1413115
VE,VEN,Venezuela (Bolivarian Republic of),1,VE08,Carabobo,VE08,Carabobo,,,2245744
VE,VEN,Venezuela (Bolivarian Republic of),1,VE09,Cojedes,VE09,Cojedes,,,323165
VE,VEN,Venezuela (Bolivarian Republic of),1,VE10,Delta Amacuro,VE10,Delta Amacuro,,,165525
VE,VEN,Venezuela (Bolivarian Republic of),1,VE11,Falcón,VE11,Falcón,,,902847
VE,VEN,Venezuela (Bolivarian Republic of),1,VE12,Guárico,VE12,Guárico,,,747739
VE,VEN,Venezuela (Bolivarian Republic of),1,VE13,Lara,VE13,Lara,,,1774867
VE,VEN,Venezuela (Bolivarian Republic of),1,VE14,Mérida,VE14,Mérida,,,828592
VE,VEN,Venezuela (Bolivarian Republic of),1,VE15,Miranda,VE15,Miranda,,,2675165
VE,VEN,Venezuela (Bolivarian Republic of),1,VE16,Monagas,VE16,Monagas,,,905443
VE,VEN,Venezuela (Bolivarian Republic of),1,VE17,Nueva Esparta,VE17,Nueva Esparta,,,491610
VE,VEN,Venezuela (Bolivarian Republic of),1,VE18,Portuguesa,VE18,Portuguesa,,,876496
VE,VEN,Venezuela (Bolivarian Republic of),1,VE19,Sucre,VE19,Sucre,,,896291
VE,VEN,Venezuela (Bolivarian Republic of),1,VE20,Táchira,VE20,Táchira,,,1168908
VE,VEN,Venezuela (Bolivarian Republic of),1,VE21,Trujillo,VE21,Trujillo,,,686367
VE,VEN,Venezuela (Bolivarian Republic of),1,VE22,Yaracuy,VE22,Yaracuy,,,600852
VE,VEN,Venezuela (Bolivarian Republic of),1,VE23,Zulia,VE23,Zulia,,,3704404
VE,VEN,Venezuela (Bolivarian Republic of),1,VE24,La Guaira,VE24,La Guaira,,,352920
YE,YEM,Yemen,1,YE11,Ibb,YE11,Ibb,,,3911070
YE,YEM,Yemen,1,YE12,Abyan,YE12,Abyan,,,658824
YE,YEM,Yemen,1,YE13,Sanaa City,YE13,Sanaa City,,,2279665
YE,YEM,Yemen,1,YE14,Al Bayda,YE14,Al Bayda,,,835683
YE,YEM,Yemen,1,YE15,Taiz,YE15,Taiz,,,4554443
YE,YEM,Yemen,1,YE16,Al Jawf,YE16,Al Jawf,,,663147
YE,YEM,Yemen,1,YE17,Hajjah,YE17,Hajjah,,,1887213
YE,YEM,Yemen,1,YE18,Al Hodeidah,YE18,Al Hodeidah,,,402560
YE,YEM,Yemen,1,YE19,Hadramawt,YE19,Hadramawt,,,1329085
YE,YEM,Yemen,1,YE20,Dhamar,YE20,Dhamar,,,1697067
YE,YEM,Yemen,1,YE21,Shabwah,YE21,Shabwah,,,651509
YE,YEM,Yemen,1,YE22,Sadah,YE22,Sadah,,,987663
YE,YEM,Yemen,1,YE23,Sanaa,YE23,Sanaa,,,2279665
YE,YEM,Yemen,1,YE24,Aden,YE24,Aden,,,1087653
YE,YEM,Yemen,1,YE25,Lahj,YE25,Lahj,,,926291
YE,YEM,Yemen,1,YE26,Marib,YE26,Marib,,,504696
YE,YEM,Yemen,1,YE27,Al Mahwit,YE27,Al Mahwit,,,732360
YE,YEM,Yemen,1,YE28,Al Maharah,YE28,Al Maharah,,,400000
YE,YEM,Yemen,1,YE29,Amran,YE29,Amran,,,1123651
YE,YEM,Yemen,1,YE30,Ad Dali,YE30,Ad Dali,,,602613
YE,YEM,Yemen,1,YE31,Raymah,YE31,Raymah,,,502505
YE,YEM,Yemen,1,YE32,Socotra,YE32,Socotra,,,60000
ZW,ZWE,Zimbabwe,1,ZW10,Bulawayo,ZW10,Bulawayo,,,653337
ZW,ZWE,Zimbabwe,1,ZW11,Manicaland,ZW11,Manicaland,,,1752698
ZW,ZWE,Zimbabwe,1,ZW12,Mashonaland Central,ZW12,Mashonaland Central,,,1152520
ZW,ZWE,Zimbabwe,1,ZW13,Mashonaland East,ZW13,Mashonaland East,,,1344955
ZW,ZWE,Zimbabwe,1,ZW14,Mashonaland West,ZW14,Mashonaland West,,,1501656
ZW,ZWE,Zimbabwe,1,ZW15,Matabeleland North,ZW15,Matabeleland North,,,749017
ZW,ZWE,Zimbabwe,1,ZW16,Matabeleland South,ZW16,Matabeleland South,,,683893
ZW,ZWE,Zimbabwe,1,ZW17,Midlands,ZW17,Midlands,,,1614941
ZW,ZWE,Zimbabwe,1,ZW18,Masvingo,ZW18,Masvingo,,,1485090
ZW,ZWE,Zimbabwe,1,ZW19,Harare,ZW19,Harare,,,2123132